{"type": "FeatureCollection", "features": [{"type": "Feature", "geometry": {"type": "Polygon", "coordinates": [[[19.657567479164605, 45.26326496009625], [19.655171058765898, 45.25871500591585], [19.659786976766224, 45.255103661085684], [19.66679926713263, 45.25604209780606], [19.669196294870574, 45.26059196994367], [19.664580424977913, 45.26420348741854], [19.657567479164605, 45.26326496009625]]]}, "properties": {"pop": 5, "kontur": 6, "osm": 0, "osm_pop": 0, "osm_norm": 0}}, {"type": "Feature", "geometry": {"type": "Polygon", "coordinates": [[[19.650906359798448, 45.28774417547969], [19.648509612873596, 45.283195255903784], [19.65312717080353, 45.279585217549425], [19.660141427814022, 45.280523926128815], [19.662538782569808, 45.285072763702736], [19.657921272559246, 45.2886829747142], [19.650906359798448, 45.28774417547969]]]}, "properties": {"pop": 1, "kontur": 1, "osm": 0, "osm_pop": 0, "osm_norm": 0}}, {"type": "Feature", "geometry": {"type": "Polygon", "coordinates": [[[19.662538782569808, 45.285072763702736], [19.660141427814022, 45.280523926128815], [19.664758391006625, 45.276913279492604], [19.671772660734618, 45.27785129779585], [19.674170623059887, 45.28240005324803], [19.669553708162773, 45.2860108725336], [19.662538782569808, 45.285072763702736]]]}, "properties": {"pop": 17, "kontur": 22, "osm": 0, "osm_pop": 0, "osm_norm": 0}}, {"type": "Feature", "geometry": {"type": "Polygon", "coordinates": [[[19.650379043057665, 45.249614326344464], [19.64798344767016, 45.24506360107411], [19.65259886710848, 45.24145199367037], [19.65960983415193, 45.2423909389076], [19.66200603681225, 45.246941582227684], [19.657390665231283, 45.25055336227572], [19.650379043057665, 45.249614326344464]]]}, "properties": {"pop": 66, "kontur": 85, "osm": 0, "osm_pop": 0, "osm_norm": 0}}, {"type": "Feature", "geometry": {"type": "Polygon", "coordinates": [[[19.671414590543293, 45.25243014511744], [19.669017671832886, 45.24787992836388], [19.67363244887349, 45.244267540598614], [19.68064409615362, 45.24520519696888], [19.6830416217783, 45.249755331546176], [19.678426893283632, 45.253367891944315], [19.671414590543293, 45.25243014511744]]]}, "properties": {"pop": 14, "kontur": 18, "osm": 0, "osm_pop": 0, "osm_norm": 0}}, {"type": "Feature", "geometry": {"type": "Polygon", "coordinates": [[[19.66422465942544, 45.23877872377892], [19.66182856565053, 45.23422773606817], [19.666442844728476, 45.230615085996085], [19.673453169360805, 45.231553251017026], [19.675849869983804, 45.23610415664395], [19.67123563920138, 45.23971697934862], [19.66422465942544, 45.23877872377892]]]}, "properties": {"pop": 54, "kontur": 70, "osm": 0, "osm_pop": 0, "osm_norm": 0}}, {"type": "Feature", "geometry": {"type": "Polygon", "coordinates": [[[19.65259886710848, 45.24145199367037], [19.65020338044269, 45.236900923995684], [19.65481825363626, 45.2332888815073], [19.66182856565053, 45.23422773606817], [19.66422465942544, 45.23877872377892], [19.65960983415193, 45.2423909389076], [19.65259886710848, 45.24145199367037]]]}, "properties": {"pop": 26, "kontur": 33, "osm": 0, "osm_pop": 0, "osm_norm": 0}}, {"type": "Feature", "geometry": {"type": "Polygon", "coordinates": [[[19.67363244887349, 45.244267540598614], [19.67123563920138, 45.23971697934862], [19.675849869983804, 45.23610415664395], [19.68286086190493, 45.23704172257535], [19.68525827832761, 45.241592201635434], [19.68064409615362, 45.24520519696888], [19.67363244887349, 45.244267540598614]]]}, "properties": {"pop": 201, "kontur": 259, "osm": 0, "osm_pop": 0, "osm_norm": 0}}, {"type": "Feature", "geometry": {"type": "Polygon", "coordinates": [[[19.66200603681225, 45.246941582227684], [19.65960983415193, 45.2423909389076], [19.66422465942544, 45.23877872377892], [19.67123563920138, 45.23971697934862], [19.67363244887349, 45.244267540598614], [19.669017671832886, 45.24787992836388], [19.66200603681225, 45.246941582227684]]]}, "properties": {"pop": 100, "kontur": 129, "osm": 0, "osm_pop": 0, "osm_norm": 0}}, {"type": "Feature", "geometry": {"type": "Polygon", "coordinates": [[[19.670877903894507, 45.21428547345631], [19.668482136840638, 45.20973345329166], [19.673094778002657, 45.20611949921377], [19.68010313781047, 45.207057392694665], [19.68249951122176, 45.21160933073422], [19.67788691854277, 45.21522345743284], [19.670877903894507, 45.21428547345631]]]}, "properties": {"pop": 119, "kontur": 153, "osm": 0, "osm_pop": 0, "osm_norm": 0}}, {"type": "Feature", "geometry": {"type": "Polygon", "coordinates": [[[19.659255714613373, 45.2169603197418], [19.65686055417783, 45.21240821757191], [19.661473789307962, 45.20879487065364], [19.668482136840638, 45.20973345329166], [19.670877903894507, 45.21428547345631], [19.666264716872302, 45.21789899300306], [19.659255714613373, 45.2169603197418]]]}, "properties": {"pop": 381, "kontur": 491, "osm": 0, "osm_pop": 0, "osm_norm": 0}}, {"type": "Feature", "geometry": {"type": "Polygon", "coordinates": [[[19.663691426969947, 45.200628643105006], [19.661296484075358, 45.19607585320401], [19.665908627721887, 45.19246163735339], [19.672915666104956, 45.193400038797854], [19.675311215290947, 45.19795274666601], [19.670699119877384, 45.20156713513739], [19.663691426969947, 45.200628643105006]]]}, "properties": {"pop": 7, "kontur": 9, "osm": 0, "osm_pop": 0, "osm_norm": 0}}, {"type": "Feature", "geometry": {"type": "Polygon", "coordinates": [[[19.652071057477478, 45.203303243467154], [19.6496767211349, 45.19875037165324], [19.654289458325422, 45.195136762828454], [19.661296484075358, 45.19607585320401], [19.663691426969947, 45.200628643105006], [19.65907873763747, 45.204242424558274], [19.652071057477478, 45.203303243467154]]]}, "properties": {"pop": 21, "kontur": 27, "osm": 0, "osm_pop": 0, "osm_norm": 0}}, {"type": "Feature", "geometry": {"type": "Polygon", "coordinates": [[[19.673094778002657, 45.20611949921377], [19.670699119877384, 45.20156713513739], [19.675311215290947, 45.19795274666601], [19.682318920359265, 45.19889054966893], [19.684715184678566, 45.20344283160639], [19.68010313781047, 45.207057392694665], [19.673094778002657, 45.20611949921377]]]}, "properties": {"pop": 3, "kontur": 4, "osm": 0, "osm_pop": 0, "osm_norm": 0}}, {"type": "Feature", "geometry": {"type": "Polygon", "coordinates": [[[19.661473789307962, 45.20879487065364], [19.65907873763747, 45.204242424558274], [19.663691426969947, 45.200628643105006], [19.670699119877384, 45.20156713513739], [19.673094778002657, 45.20611949921377], [19.668482136840638, 45.20973345329166], [19.661473789307962, 45.20879487065364]]]}, "properties": {"pop": 6, "kontur": 8, "osm": 0, "osm_pop": 0, "osm_norm": 0}}, {"type": "Feature", "geometry": {"type": "Polygon", "coordinates": [[[19.666442844728476, 45.230615085996085], [19.664046859849783, 45.22606375401432], [19.66866059284395, 45.222450669136194], [19.675670262433737, 45.223388743626074], [19.678066853996913, 45.227939993510304], [19.673453169360805, 45.231553251017026], [19.666442844728476, 45.230615085996085]]]}, "properties": {"pop": 92, "kontur": 118, "osm": 0, "osm_pop": 0, "osm_norm": 0}}, {"type": "Feature", "geometry": {"type": "Polygon", "coordinates": [[[19.687474497870127, 45.23342829244382], [19.685077190660152, 45.228877469020524], [19.689690280528456, 45.2252636042283], [19.696700628635554, 45.22620039025732], [19.69909854217128, 45.230751131357145], [19.694485501349202, 45.23436516876628], [19.687474497870127, 45.23342829244382]]]}, "properties": {"pop": 54, "kontur": 70, "osm": 0, "osm_pop": 0, "osm_norm": 0}}, {"type": "Feature", "geometry": {"type": "Polygon", "coordinates": [[[19.680283401035368, 45.21977505145465], [19.67788691854277, 45.21522345743284], [19.68249951122176, 45.21160933073422], [19.68950853767261, 45.21254662545537], [19.69190562642513, 45.21709813724601], [19.68729308254188, 45.22071243656149], [19.680283401035368, 45.21977505145465]]]}, "properties": {"pop": 143, "kontur": 184, "osm": 0, "osm_pop": 0, "osm_norm": 0}}, {"type": "Feature", "geometry": {"type": "Polygon", "coordinates": [[[19.66866059284395, 45.222450669136194], [19.666264716872302, 45.21789899300306], [19.670877903894507, 45.21428547345631], [19.67788691854277, 45.21522345743284], [19.680283401035368, 45.21977505145465], [19.675670262433737, 45.223388743626074], [19.66866059284395, 45.222450669136194]]]}, "properties": {"pop": 405, "kontur": 522, "osm": 0, "osm_pop": 0, "osm_norm": 0}}, {"type": "Feature", "geometry": {"type": "Polygon", "coordinates": [[[19.689690280528456, 45.2252636042283], [19.68729308254188, 45.22071243656149], [19.69190562642513, 45.21709813724601], [19.69891531926147, 45.21803483299928], [19.701313123410284, 45.22258591832892], [19.696700628635554, 45.22620039025732], [19.689690280528456, 45.2252636042283]]]}, "properties": {"pop": 3, "kontur": 4, "osm": 0, "osm_pop": 0, "osm_norm": 0}}, {"type": "Feature", "geometry": {"type": "Polygon", "coordinates": [[[19.65703720276368, 45.225124990112086], [19.654641933573878, 45.22057323198756], [19.659255714613373, 45.2169603197418], [19.666264716872302, 45.21789899300306], [19.66866059284395, 45.222450669136194], [19.664046859849783, 45.22606375401432], [19.65703720276368, 45.225124990112086]]]}, "properties": {"pop": 431, "kontur": 555, "osm": 0, "osm_pop": 0, "osm_norm": 0}}, {"type": "Feature", "geometry": {"type": "Polygon", "coordinates": [[[19.78339583709999, 45.402558156872296], [19.780987887726056, 45.3980170533653], [19.78560688578111, 45.39440616914917], [19.792633780898868, 45.39533621583443], [19.795042337280982, 45.39987723580227], [19.790423391612986, 45.40348829263884], [19.78339583709999, 45.402558156872296]]]}, "properties": {"pop": 21, "kontur": 27, "osm": 0, "osm_pop": 0, "osm_norm": 0}}, {"type": "Feature", "geometry": {"type": "Polygon", "coordinates": [[[19.78560688578111, 45.39440616914917], [19.783199047498783, 45.389864718603455], [19.78781749741452, 45.38625339828047], [19.794843733239528, 45.38718335590258], [19.797252178365767, 45.39172472289599], [19.792633780898868, 45.39533621583443], [19.78560688578111, 45.39440616914917]]]}, "properties": {"pop": 6, "kontur": 8, "osm": 0, "osm_pop": 0, "osm_norm": 0}}, {"type": "Feature", "geometry": {"type": "Polygon", "coordinates": [[[19.80668824265232, 45.3971950136384], [19.804279079526193, 45.39265407732866], [19.808896876078673, 45.38904197581784], [19.815923782691453, 45.3899706380289], [19.81833355229735, 45.394511490561534], [19.81371580888653, 45.39812376467502], [19.80668824265232, 45.3971950136384]]]}, "properties": {"pop": 39, "kontur": 50, "osm": 0, "osm_pop": 0, "osm_norm": 0}}, {"type": "Feature", "geometry": {"type": "Polygon", "coordinates": [[[19.795042337280982, 45.39987723580227], [19.792633780898868, 45.39533621583443], [19.797252178365767, 45.39172472289599], [19.804279079526193, 45.39265407732866], [19.80668824265232, 45.3971950136384], [19.802069897949828, 45.40080667918843], [19.795042337280982, 45.39987723580227]]]}, "properties": {"pop": 6, "kontur": 8, "osm": 0, "osm_pop": 0, "osm_norm": 0}}, {"type": "Feature", "geometry": {"type": "Polygon", "coordinates": [[[19.83218448322417, 45.38367257991081], [19.829774219151066, 45.379131464288264], [19.834390264962146, 45.37551771054051], [19.841416520964938, 45.37644489985048], [19.84382739082496, 45.380985931444904], [19.839211398971134, 45.38459985777224], [19.83218448322417, 45.38367257991081]]]}, "properties": {"pop": 10, "kontur": 13, "osm": 0, "osm_pop": 0, "osm_norm": 0}}, {"type": "Feature", "geometry": {"type": "Polygon", "coordinates": [[[19.8460319649356, 45.372830538122116], [19.843621206997806, 45.36828915967311], [19.84823610319804, 45.36467436268004], [19.855261703016655, 45.36560077158527], [19.85767306631293, 45.370142065874], [19.853058224508, 45.3737570354325], [19.8460319649356, 45.372830538122116]]]}, "properties": {"pop": 5, "kontur": 6, "osm": 0, "osm_pop": 0, "osm_norm": 0}}, {"type": "Feature", "geometry": {"type": "Polygon", "coordinates": [[[19.834390264962146, 45.37551771054051], [19.83198011264734, 45.37097624805013], [19.836595610636476, 45.36736205889637], [19.843621206997806, 45.36828915967311], [19.8460319649356, 45.372830538122116], [19.841416520964938, 45.37644489985048], [19.834390264962146, 45.37551771054051]]]}, "properties": {"pop": 33, "kontur": 43, "osm": 0, "osm_pop": 0, "osm_norm": 0}}, {"type": "Feature", "geometry": {"type": "Polygon", "coordinates": [[[19.855469699890428, 45.3782979828799], [19.853058224508, 45.3737570354325], [19.85767306631293, 45.370142065874], [19.864699328865182, 45.37106787121654], [19.867111409505384, 45.375608734398156], [19.86249662241148, 45.37922387651775], [19.855469699890428, 45.3782979828799]]]}, "properties": {"pop": 97, "kontur": 125, "osm": 0, "osm_pop": 0, "osm_norm": 0}}, {"type": "Feature", "geometry": {"type": "Polygon", "coordinates": [[[19.820540978003486, 45.38635792809568], [19.818131319981735, 45.38181672856389], [19.82274796730772, 45.378203582947144], [19.829774219151066, 45.379131464288264], [19.83218448322417, 45.38367257991081], [19.82756788947843, 45.387285898116254], [19.820540978003486, 45.38635792809568]]]}, "properties": {"pop": 13, "kontur": 17, "osm": 0, "osm_pop": 0, "osm_norm": 0}}, {"type": "Feature", "geometry": {"type": "Polygon", "coordinates": [[[19.808896876078673, 45.38904197581784], [19.80648782437258, 45.38450069249577], [19.81110507288778, 45.38088815516021], [19.818131319981735, 45.38181672856389], [19.820540978003486, 45.38635792809568], [19.815923782691453, 45.3899706380289], [19.808896876078673, 45.38904197581784]]]}, "properties": {"pop": 2, "kontur": 3, "osm": 0, "osm_pop": 0, "osm_norm": 0}}, {"type": "Feature", "geometry": {"type": "Polygon", "coordinates": [[[19.813312833202563, 45.37273355191984], [19.81090400436705, 45.368191574927216], [19.815520157145844, 45.36457816635109], [19.822545085509866, 45.36550656219446], [19.824954520332955, 45.37004845537026], [19.820338420880244, 45.37366203653428], [19.813312833202563, 45.37273355191984]]]}, "properties": {"pop": 115, "kontur": 148, "osm": 0, "osm_pop": 0, "osm_norm": 0}}, {"type": "Feature", "geometry": {"type": "Polygon", "coordinates": [[[19.801670550160736, 45.37541734836361], [19.799262327576898, 45.37087528767321], [19.80387908111677, 45.36726248724603], [19.81090400436705, 45.368191574927216], [19.813312833202563, 45.37273355191984], [19.808696132611892, 45.37634652494384], [19.801670550160736, 45.37541734836361]]]}, "properties": {"pop": 108, "kontur": 139, "osm": 0, "osm_pop": 0, "osm_norm": 0}}, {"type": "Feature", "geometry": {"type": "Polygon", "coordinates": [[[19.82274796730772, 45.378203582947144], [19.820338420880244, 45.37366203653428], [19.824954520332955, 45.37004845537026], [19.83198011264734, 45.37097624805013], [19.834390264962146, 45.37551771054051], [19.829774219151066, 45.379131464288264], [19.82274796730772, 45.378203582947144]]]}, "properties": {"pop": 14, "kontur": 18, "osm": 0, "osm_pop": 0, "osm_norm": 0}}, {"type": "Feature", "geometry": {"type": "Polygon", "coordinates": [[[19.81110507288778, 45.38088815516021], [19.808696132611892, 45.37634652494384], [19.813312833202563, 45.37273355191984], [19.820338420880244, 45.37366203653428], [19.82274796730772, 45.378203582947144], [19.818131319981735, 45.38181672856389], [19.81110507288778, 45.38088815516021]]]}, "properties": {"pop": 4, "kontur": 5, "osm": 0, "osm_pop": 0, "osm_norm": 0}}, {"type": "Feature", "geometry": {"type": "Polygon", "coordinates": [[[19.862705785415727, 45.391919268789216], [19.86029348030526, 45.387379099618045], [19.86490881529176, 45.38376439275319], [19.87193640049876, 45.384689682512374], [19.87434931093, 45.38922976732544], [19.869734030909434, 45.39284464675213], [19.862705785415727, 45.391919268789216]]]}, "properties": {"pop": 197, "kontur": 254, "osm": 0, "osm_pop": 0, "osm_norm": 0}}, {"type": "Feature", "geometry": {"type": "Polygon", "coordinates": [[[19.851061659656573, 45.39460746997985], [19.848649960131752, 45.39006721656937], [19.85326589771255, 45.38645311766665], [19.86029348030526, 45.387379099618045], [19.862705785415727, 45.391919268789216], [19.85808990242383, 45.39553354026306], [19.851061659656573, 45.39460746997985]]]}, "properties": {"pop": 125, "kontur": 161, "osm": 0, "osm_pop": 0, "osm_norm": 0}}, {"type": "Feature", "geometry": {"type": "Polygon", "coordinates": [[[19.872147053724884, 45.397384384396126], [19.869734030909434, 45.39284464675213], [19.87434931093, 45.38922976732544], [19.881377558560057, 45.39015445299999], [19.883791186595214, 45.39469410618036], [19.879175961856635, 45.398309158164565], [19.872147053724884, 45.397384384396126]]]}, "properties": {"pop": 993, "kontur": 1282, "osm": 0, "osm_pop": 0, "osm_norm": 0}}, {"type": "Feature", "geometry": {"type": "Polygon", "coordinates": [[[19.86050231975453, 45.40007336225199], [19.85808990242383, 45.39553354026306], [19.862705785415727, 45.391919268789216], [19.869734030909434, 45.39284464675213], [19.872147053724884, 45.397384384396126], [19.86753122563789, 45.40099882843686], [19.86050231975453, 45.40007336225199]]]}, "properties": {"pop": 1, "kontur": 1, "osm": 0, "osm_pop": 0, "osm_norm": 0}}, {"type": "Feature", "geometry": {"type": "Polygon", "coordinates": [[[19.81612569006644, 45.40266427009059], [19.81371580888653, 45.39812376467502], [19.81833355229735, 45.394511490561534], [19.825361123506564, 45.395439549279736], [19.827771611066016, 45.39997997081248], [19.8231539211126, 45.40359241752465], [19.81612569006644, 45.40266427009059]]]}, "properties": {"pop": 31, "kontur": 40, "osm": 0, "osm_pop": 0, "osm_norm": 0}}, {"type": "Feature", "geometry": {"type": "Polygon", "coordinates": [[[19.829978265299726, 45.391826666752884], [19.82756788947843, 45.387285898116254], [19.83218448322417, 45.38367257991081], [19.839211398971134, 45.38459985777224], [19.841622380743406, 45.389140542393974], [19.83700584089363, 45.39275403318398], [19.829978265299726, 45.391826666752884]]]}, "properties": {"pop": 14, "kontur": 18, "osm": 0, "osm_pop": 0, "osm_norm": 0}}, {"type": "Feature", "geometry": {"type": "Polygon", "coordinates": [[[19.81833355229735, 45.394511490561534], [19.815923782691453, 45.3899706380289], [19.820540978003486, 45.38635792809568], [19.82756788947843, 45.387285898116254], [19.829978265299726, 45.391826666752884], [19.825361123506564, 45.395439549279736], [19.81833355229735, 45.394511490561534]]]}, "properties": {"pop": 81, "kontur": 105, "osm": 0, "osm_pop": 0, "osm_norm": 0}}, {"type": "Feature", "geometry": {"type": "Polygon", "coordinates": [[[19.839416934568078, 45.39729437071501], [19.83700584089363, 45.39275403318398], [19.841622380743406, 45.389140542393974], [19.848649960131752, 45.39006721656937], [19.851061659656573, 45.39460746997985], [19.84644517401862, 45.39822113335026], [19.839416934568078, 45.39729437071501]]]}, "properties": {"pop": 1, "kontur": 1, "osm": 0, "osm_pop": 0, "osm_norm": 0}}, {"type": "Feature", "geometry": {"type": "Polygon", "coordinates": [[[19.827771611066016, 45.39997997081248], [19.825361123506564, 45.395439549279736], [19.829978265299726, 45.391826666752884], [19.83700584089363, 45.39275403318398], [19.839416934568078, 45.39729437071501], [19.834799846609553, 45.40090742583144], [19.827771611066016, 45.39997997081248]]]}, "properties": {"pop": 34, "kontur": 44, "osm": 0, "osm_pop": 0, "osm_norm": 0}}, {"type": "Feature", "geometry": {"type": "Polygon", "coordinates": [[[19.97979616792537, 45.4030546557921], [19.97737664886689, 45.39851715744709], [19.981988072168818, 45.394897943507296], [19.989018955796016, 45.395816055447526], [19.991439078071917, 45.400353468196904], [19.986827713579544, 45.40397285461629], [19.97979616792537, 45.4030546557921]]]}, "properties": {"pop": 927, "kontur": 1196, "osm": 0, "osm_pop": 0, "osm_norm": 0}}, {"type": "Feature", "geometry": {"type": "Polygon", "coordinates": [[[19.981988072168818, 45.394897943507296], [19.979568667093876, 45.39036009765351], [19.984179542515996, 45.386740449334226], [19.991209764220002, 45.387658474409044], [19.99362977234875, 45.39219623465392], [19.989018955796016, 45.395816055447526], [19.981988072168818, 45.394897943507296]]]}, "properties": {"pop": 12, "kontur": 15, "osm": 0, "osm_pop": 0, "osm_norm": 0}}, {"type": "Feature", "geometry": {"type": "Polygon", "coordinates": [[[19.991439078071917, 45.400353468196904], [19.989018955796016, 45.395816055447526], [19.99362977234875, 45.39219623465392], [20.00066065206744, 45.39311365415503], [20.00308137729431, 45.39765098119047], [19.998470619927883, 45.40127097445337], [19.991439078071917, 45.400353468196904]]]}, "properties": {"pop": 318, "kontur": 410, "osm": 0, "osm_pop": 0, "osm_norm": 0}}, {"type": "Feature", "geometry": {"type": "Polygon", "coordinates": [[[19.97034576192104, 45.39759835303388], [19.967926960166224, 45.393060421689555], [19.972538441960836, 45.3894413802343], [19.979568667093876, 45.39036009765351], [19.981988072168818, 45.394897943507296], [19.97737664886689, 45.39851715744709], [19.97034576192104, 45.39759835303388]]]}, "properties": {"pop": 29, "kontur": 37, "osm": 0, "osm_pop": 0, "osm_norm": 0}}, {"type": "Feature", "geometry": {"type": "Polygon", "coordinates": [[[19.901387393077258, 45.32943109377285], [19.898974665701136, 45.32488866665583], [19.903584962370964, 45.3212697023846], [19.91060793034879, 45.32219299273696], [19.91302126137019, 45.32673533516509], [19.908411020844365, 45.330354471944396], [19.901387393077258, 45.32943109377285]]]}, "properties": {"pop": 1, "kontur": 1, "osm": 0, "osm_pop": 0, "osm_norm": 0}}, {"type": "Feature", "geometry": {"type": "Polygon", "coordinates": [[[19.894150039872123, 45.31580303540545], [19.891738141341374, 45.31125983139201], [19.89634794690063, 45.30764060561401], [19.903369595177455, 45.3085644113561], [19.905782097291326, 45.3131075307725], [19.90117234762112, 45.31672692905853], [19.894150039872123, 45.31580303540545]]]}, "properties": {"pop": 231, "kontur": 298, "osm": 78, "osm_pop": 61, "osm_norm": 46}}, {"type": "Feature", "geometry": {"type": "Polygon", "coordinates": [[[19.88251738075572, 45.31849724237655], [19.88010608607258, 45.3139539538849], [19.884716494084078, 45.31033533464403], [19.891738141341374, 45.31125983139201], [19.894150039872123, 45.31580303540545], [19.889539687373805, 45.31942182716386], [19.88251738075572, 45.31849724237655]]]}, "properties": {"pop": 1, "kontur": 1, "osm": 0, "osm_pop": 0, "osm_norm": 0}}, {"type": "Feature", "geometry": {"type": "Polygon", "coordinates": [[[19.903584962370964, 45.3212697023846], [19.90117234762112, 45.31672692905853], [19.905782097291326, 45.3131075307725], [19.912804405582857, 45.31403073332397], [19.915217623814577, 45.31857342194772], [19.91060793034879, 45.32219299273696], [19.903584962370964, 45.3212697023846]]]}, "properties": {"pop": 5, "kontur": 6, "osm": 0, "osm_pop": 0, "osm_norm": 0}}, {"type": "Feature", "geometry": {"type": "Polygon", "coordinates": [[[19.943532458070077, 45.33496488741131], [19.941117091171517, 45.330423492428636], [19.945726067002248, 45.32680297030048], [19.95275035228023, 45.32772367069091], [19.955166322090694, 45.33226498053691], [19.950557403787332, 45.335885675143814], [19.943532458070077, 45.33496488741131]]]}, "properties": {"pop": 1, "kontur": 1, "osm": 0, "osm_pop": 0, "osm_norm": 0}}, {"type": "Feature", "geometry": {"type": "Polygon", "coordinates": [[[19.931897988026428, 45.3376634964651], [19.92948322430505, 45.333122016464365], [19.93409280441527, 45.32950210068312], [19.941117091171517, 45.330423492428636], [19.943532458070077, 45.33496488741131], [19.938922935111243, 45.33858497568118], [19.931897988026428, 45.3376634964651]]]}, "properties": {"pop": 9, "kontur": 12, "osm": 0, "osm_pop": 0, "osm_norm": 0}}, {"type": "Feature", "geometry": {"type": "Polygon", "coordinates": [[[19.941338415260823, 45.343126024152596], [19.938922935111243, 45.33858497568118], [19.943532458070077, 45.33496488741131], [19.950557403787332, 45.335885675143814], [19.952973487012212, 45.34042663849201], [19.94836402152062, 45.344046899245605], [19.941338415260823, 45.343126024152596]]]}, "properties": {"pop": 13, "kontur": 17, "osm": 0, "osm_pop": 0, "osm_norm": 0}}, {"type": "Feature", "geometry": {"type": "Polygon", "coordinates": [[[19.910824464645753, 45.33489646805821], [19.908411020844365, 45.330354471944396], [19.91302126137019, 45.32673533516509], [19.92004488931377, 45.327658022010944], [19.922458936659055, 45.332199933330614], [19.91784875259281, 45.335819242613205], [19.910824464645753, 45.33489646805821]]]}, "properties": {"pop": 5, "kontur": 6, "osm": 0, "osm_pop": 0, "osm_norm": 0}}, {"type": "Feature", "geometry": {"type": "Polygon", "coordinates": [[[19.920262912871895, 45.34036080751337], [19.91784875259281, 45.335819242613205], [19.922458936659055, 45.332199933330614], [19.92948322430505, 45.333122016464365], [19.931897988026428, 45.3376634964651], [19.927287860735504, 45.34128297824617], [19.920262912871895, 45.34036080751337]]]}, "properties": {"pop": 2, "kontur": 3, "osm": 0, "osm_pop": 0, "osm_norm": 0}}, {"type": "Feature", "geometry": {"type": "Polygon", "coordinates": [[[19.92904440339004, 45.307712629257495], [19.926630694903814, 45.303169679391466], [19.93123869116443, 45.29954863491075], [19.93826033897098, 45.30047036783172], [19.94067465024623, 45.30501323274447], [19.936066711001825, 45.30863444970417], [19.92904440339004, 45.307712629257495]]]}, "properties": {"pop": 2221, "kontur": 2862, "osm": 7808, "osm_pop": 6059, "osm_norm": 4622}}, {"type": "Feature", "geometry": {"type": "Polygon", "coordinates": [[[19.95011198372431, 45.31047679599282], [19.947696956635934, 45.305934362188395], [19.95230429175859, 45.30231253930772], [19.959326596338208, 45.30323297778214], [19.96174222584873, 45.30777532640955], [19.95713494843347, 45.31139732175423], [19.95011198372431, 45.31047679599282]]]}, "properties": {"pop": 527, "kontur": 679, "osm": 371, "osm_pop": 288, "osm_norm": 220}}, {"type": "Feature", "geometry": {"type": "Polygon", "coordinates": [[[19.938481135402938, 45.31317696856706], [19.936066711001825, 45.30863444970417], [19.94067465024623, 45.30501323274447], [19.947696956635934, 45.305934362188395], [19.95011198372431, 45.31047679599282], [19.94550410181166, 45.31409818542647], [19.938481135402938, 45.31317696856706]]]}, "properties": {"pop": 1052, "kontur": 1356, "osm": 2801, "osm_pop": 2173, "osm_norm": 1658}}, {"type": "Feature", "geometry": {"type": "Polygon", "coordinates": [[[19.942867731485435, 45.296848717420154], [19.94045353334557, 45.29230550657644], [19.945060379242655, 45.28868342285028], [19.952081365903748, 45.2896043775182], [19.954496166404542, 45.29414750327644], [19.949889377959273, 45.29776975946688], [19.942867731485435, 45.296848717420154]]]}, "properties": {"pop": 517, "kontur": 666, "osm": 1535, "osm_pop": 1191, "osm_norm": 909}}, {"type": "Feature", "geometry": {"type": "Polygon", "coordinates": [[[19.93123869116443, 45.29954863491075], [19.92882509565037, 45.29500533910021], [19.933432545241153, 45.291383861162814], [19.94045353334557, 45.29230550657644], [19.942867731485435, 45.296848717420154], [19.93826033897098, 45.30047036783172], [19.93123869116443, 45.29954863491075]]]}, "properties": {"pop": 401, "kontur": 517, "osm": 1677, "osm_pop": 1301, "osm_norm": 993}}, {"type": "Feature", "geometry": {"type": "Polygon", "coordinates": [[[19.95230429175859, 45.30231253930772], [19.949889377959273, 45.29776975946688], [19.954496166404542, 45.29414750327644], [19.961517810957808, 45.2950678544823], [19.963933327016186, 45.2996105491325], [19.959326596338208, 45.30323297778214], [19.95230429175859, 45.30231253930772]]]}, "properties": {"pop": 1460, "kontur": 1881, "osm": 0, "osm_pop": 0, "osm_norm": 0}}, {"type": "Feature", "geometry": {"type": "Polygon", "coordinates": [[[19.94067465024623, 45.30501323274447], [19.93826033897098, 45.30047036783172], [19.942867731485435, 45.296848717420154], [19.949889377959273, 45.29776975946688], [19.95230429175859, 45.30231253930772], [19.947696956635934, 45.305934362188395], [19.94067465024623, 45.30501323274447]]]}, "properties": {"pop": 2163, "kontur": 2787, "osm": 7756, "osm_pop": 6019, "osm_norm": 4591}}, {"type": "Feature", "geometry": {"type": "Polygon", "coordinates": [[[19.89634794690063, 45.30764060561401], [19.893936160852174, 45.30309705561552], [19.89854541958492, 45.299477395955016], [19.90556640849244, 45.300401113804355], [19.90797879796068, 45.304944579192274], [19.903369595177455, 45.3085644113561], [19.89634794690063, 45.30764060561401]]]}, "properties": {"pop": 33, "kontur": 43, "osm": 217, "osm_pop": 168, "osm_norm": 128}}, {"type": "Feature", "geometry": {"type": "Polygon", "coordinates": [[[19.917413552101245, 45.310410728661715], [19.91500044666882, 45.305867693961126], [19.919609046352427, 45.30224725556305], [19.926630694903814, 45.303169679391466], [19.92904440339004, 45.307712629257495], [19.924435860347003, 45.311333240144336], [19.917413552101245, 45.310410728661715]]]}, "properties": {"pop": 1468, "kontur": 1892, "osm": 4101, "osm_pop": 3182, "osm_norm": 2428}}, {"type": "Feature", "geometry": {"type": "Polygon", "coordinates": [[[19.905782097291326, 45.3131075307725], [19.903369595177455, 45.3085644113561], [19.90797879796068, 45.304944579192274], [19.91500044666882, 45.305867693961126], [19.917413552101245, 45.310410728661715], [19.912804405582857, 45.31403073332397], [19.905782097291326, 45.3131075307725]]]}, "properties": {"pop": 136, "kontur": 175, "osm": 358, "osm_pop": 277, "osm_norm": 212}}, {"type": "Feature", "geometry": {"type": "Polygon", "coordinates": [[[19.910175064501253, 45.29678084789992], [19.90776278768837, 45.29223703665938], [19.912370897035327, 45.288616337151524], [19.91939122688551, 45.28953927640999], [19.921804106690413, 45.29408300290768], [19.917196053728965, 45.29770387490442], [19.910175064501253, 45.29678084789992]]]}, "properties": {"pop": 88, "kontur": 113, "osm": 324, "osm_pop": 251, "osm_norm": 192}}, {"type": "Feature", "geometry": {"type": "Polygon", "coordinates": [[[19.89854541958492, 45.299477395955016], [19.896133746028514, 45.29493350009039], [19.900742458047304, 45.29131340668451], [19.90776278768837, 45.29223703665938], [19.910175064501253, 45.29678084789992], [19.90556640849244, 45.300401113804355], [19.89854541958492, 45.299477395955016]]]}, "properties": {"pop": 98, "kontur": 126, "osm": 119, "osm_pop": 93, "osm_norm": 70}}, {"type": "Feature", "geometry": {"type": "Polygon", "coordinates": [[[19.919609046352427, 45.30224725556305], [19.917196053728965, 45.29770387490442], [19.921804106690413, 45.29408300290768], [19.92882509565037, 45.29500533910021], [19.93123869116443, 45.29954863491075], [19.926630694903814, 45.303169679391466], [19.919609046352427, 45.30224725556305]]]}, "properties": {"pop": 612, "kontur": 789, "osm": 2636, "osm_pop": 2046, "osm_norm": 1560}}, {"type": "Feature", "geometry": {"type": "Polygon", "coordinates": [[[19.90797879796068, 45.304944579192274], [19.90556640849244, 45.300401113804355], [19.910175064501253, 45.29678084789992], [19.917196053728965, 45.29770387490442], [19.919609046352427, 45.30224725556305], [19.91500044666882, 45.305867693961126], [19.90797879796068, 45.304944579192274]]]}, "properties": {"pop": 182, "kontur": 235, "osm": 312, "osm_pop": 242, "osm_norm": 185}}, {"type": "Feature", "geometry": {"type": "Polygon", "coordinates": [[[19.966799579176367, 45.32956377602718], [19.964383006719338, 45.32502255143637], [19.96899077302136, 45.32140081707004], [19.976015053577402, 45.32232013485055], [19.978432228415503, 45.326861274067674], [19.973824520392604, 45.33048318089263], [19.966799579176367, 45.32956377602718]]]}, "properties": {"pop": 1, "kontur": 1, "osm": 0, "osm_pop": 0, "osm_norm": 0}}, {"type": "Feature", "geometry": {"type": "Polygon", "coordinates": [[[19.926849681795847, 45.31587584394698], [19.924435860347003, 45.311333240144336], [19.92904440339004, 45.307712629257495], [19.936066711001825, 45.30863444970417], [19.938481135402938, 45.31317696856706], [19.93387264931593, 45.31679775193769], [19.926849681795847, 45.31587584394698]]]}, "properties": {"pop": 1151, "kontur": 1484, "osm": 1365, "osm_pop": 1059, "osm_norm": 808}}, {"type": "Feature", "geometry": {"type": "Polygon", "coordinates": [[[19.915217623814577, 45.31857342194772], [19.912804405582857, 45.31403073332397], [19.917413552101245, 45.310410728661715], [19.924435860347003, 45.311333240144336], [19.926849681795847, 45.31587584394698], [19.922240591857744, 45.31949602110277], [19.915217623814577, 45.31857342194772]]]}, "properties": {"pop": 26, "kontur": 34, "osm": 0, "osm_pop": 0, "osm_norm": 0}}, {"type": "Feature", "geometry": {"type": "Polygon", "coordinates": [[[19.936287186833358, 45.32133992463191], [19.93387264931593, 45.31679775193769], [19.938481135402938, 45.31317696856706], [19.94550410181166, 45.31409818542647], [19.94791924217958, 45.31864027307576], [19.943310813364263, 45.3222612289252], [19.936287186833358, 45.32133992463191]]]}, "properties": {"pop": 16, "kontur": 21, "osm": 0, "osm_pop": 0, "osm_norm": 0}}, {"type": "Feature", "geometry": {"type": "Polygon", "coordinates": [[[19.819933496409202, 45.348265049246855], [19.81752500195569, 45.3437220326351], [19.82213951197477, 45.34010731822103], [19.829162463012903, 45.341035447860165], [19.83157156296231, 45.345578380615144], [19.826957106453456, 45.34919326760257], [19.819933496409202, 45.348265049246855]]]}, "properties": {"pop": 38, "kontur": 49, "osm": 0, "osm_pop": 0, "osm_norm": 0}}, {"type": "Feature", "geometry": {"type": "Polygon", "coordinates": [[[19.808294833760225, 45.35095041858051], [19.80588694506652, 45.34640731823103], [19.810502055693235, 45.3427932115421], [19.81752500195569, 45.3437220326351], [19.819933496409202, 45.348265049246855], [19.815318438916158, 45.351879328518116], [19.808294833760225, 45.35095041858051]]]}, "properties": {"pop": 8, "kontur": 10, "osm": 0, "osm_pop": 0, "osm_norm": 0}}, {"type": "Feature", "geometry": {"type": "Polygon", "coordinates": [[[19.82213951197477, 45.34010731822103], [19.819731129002133, 45.335563955306334], [19.824345091659826, 45.33194880588612], [19.831367383794348, 45.332876846826785], [19.833776372099084, 45.33742012587135], [19.829162463012903, 45.341035447860165], [19.82213951197477, 45.34010731822103]]]}, "properties": {"pop": 123, "kontur": 159, "osm": 0, "osm_pop": 0, "osm_norm": 0}}, {"type": "Feature", "geometry": {"type": "Polygon", "coordinates": [[[19.869313568179304, 45.367452293978594], [19.866901599789117, 45.362911083968946], [19.87151529143621, 45.3592950717491], [19.87854089640074, 45.360220097006874], [19.88095346962015, 45.364761222618625], [19.876339833121747, 45.36837740738523], [19.869313568179304, 45.367452293978594]]]}, "properties": {"pop": 1446, "kontur": 1866, "osm": 0, "osm_pop": 0, "osm_norm": 0}}, {"type": "Feature", "geometry": {"type": "Polygon", "coordinates": [[[19.85767306631293, 45.370142065874], [19.855261703016655, 45.36560077158527], [19.859875997102804, 45.36198536690343], [19.866901599789117, 45.362911083968946], [19.869313568179304, 45.367452293978594], [19.864699328865182, 45.37106787121654], [19.85767306631293, 45.370142065874]]]}, "properties": {"pop": 184, "kontur": 237, "osm": 0, "osm_pop": 0, "osm_norm": 0}}, {"type": "Feature", "geometry": {"type": "Polygon", "coordinates": [[[19.85043980573504, 45.35651740537332], [19.84802927167172, 45.35197533356986], [19.852643072669252, 45.348359666456794], [19.859667353288522, 45.34928589860639], [19.862078492382704, 45.35382788622298], [19.8574647459026, 45.35744372589163], [19.85043980573504, 45.35651740537332]]]}, "properties": {"pop": 47, "kontur": 61, "osm": 0, "osm_pop": 0, "osm_norm": 0}}, {"type": "Feature", "geometry": {"type": "Polygon", "coordinates": [[[19.87151529143621, 45.3592950717491], [19.869103435305888, 45.35475351502968], [19.873716579398714, 45.35113706796453], [19.880741524488236, 45.352062005091675], [19.883153985284036, 45.35660347739989], [19.87854089640074, 45.360220097006874], [19.87151529143621, 45.3592950717491]]]}, "properties": {"pop": 2, "kontur": 3, "osm": 0, "osm_pop": 0, "osm_norm": 0}}, {"type": "Feature", "geometry": {"type": "Polygon", "coordinates": [[[19.859875997102804, 45.36198536690343], [19.8574647459026, 45.35744372589163], [19.862078492382704, 45.35382788622298], [19.869103435305888, 45.35475351502968], [19.87151529143621, 45.3592950717491], [19.866901599789117, 45.362911083968946], [19.859875997102804, 45.36198536690343]]]}, "properties": {"pop": 9, "kontur": 12, "osm": 0, "osm_pop": 0, "osm_norm": 0}}, {"type": "Feature", "geometry": {"type": "Polygon", "coordinates": [[[19.815520157145844, 45.36457816635109], [19.81311143976088, 45.36003584270045], [19.81772704484047, 45.35642199870852], [19.82475131399334, 45.35735030579897], [19.82716063720196, 45.361892545619504], [19.822545085509866, 45.36550656219446], [19.815520157145844, 45.36457816635109]]]}, "properties": {"pop": 5, "kontur": 6, "osm": 0, "osm_pop": 0, "osm_norm": 0}}, {"type": "Feature", "geometry": {"type": "Polygon", "coordinates": [[[19.836595610636476, 45.36736205889637], [19.834185570090007, 45.36282024965633], [19.838800520369954, 45.35920562523294], [19.845825457192507, 45.36013263749467], [19.84823610319804, 45.36467436268004], [19.843621206997806, 45.36828915967311], [19.836595610636476, 45.36736205889637]]]}, "properties": {"pop": 71, "kontur": 92, "osm": 0, "osm_pop": 0, "osm_norm": 0}}, {"type": "Feature", "geometry": {"type": "Polygon", "coordinates": [[[19.824954520332955, 45.37004845537026], [19.822545085509866, 45.36550656219446], [19.82716063720196, 45.361892545619504], [19.834185570090007, 45.36282024965633], [19.836595610636476, 45.36736205889637], [19.83198011264734, 45.37097624805013], [19.824954520332955, 45.37004845537026]]]}, "properties": {"pop": 110, "kontur": 142, "osm": 0, "osm_pop": 0, "osm_norm": 0}}, {"type": "Feature", "geometry": {"type": "Polygon", "coordinates": [[[19.829366318037497, 45.35373585394954], [19.826957106453456, 45.34919326760257], [19.83157156296231, 45.345578380615144], [19.838595177305553, 45.34650590742034], [19.841004994285242, 45.351048409804925], [19.83639059160185, 45.35466346936145], [19.829366318037497, 45.35373585394954]]]}, "properties": {"pop": 33, "kontur": 43, "osm": 0, "osm_pop": 0, "osm_norm": 0}}, {"type": "Feature", "geometry": {"type": "Polygon", "coordinates": [[[19.81772704484047, 45.35642199870852], [19.815318438916158, 45.351879328518116], [19.819933496409202, 45.348265049246855], [19.826957106453456, 45.34919326760257], [19.829366318037497, 45.35373585394954], [19.82475131399334, 45.35735030579897], [19.81772704484047, 45.35642199870852]]]}, "properties": {"pop": 25, "kontur": 32, "osm": 0, "osm_pop": 0, "osm_norm": 0}}, {"type": "Feature", "geometry": {"type": "Polygon", "coordinates": [[[19.838800520369954, 45.35920562523294], [19.83639059160185, 45.35466346936145], [19.841004994285242, 45.351048409804925], [19.84802927167172, 45.35197533356986], [19.85043980573504, 45.35651740537332], [19.845825457192507, 45.36013263749467], [19.838800520369954, 45.35920562523294]]]}, "properties": {"pop": 1, "kontur": 1, "osm": 0, "osm_pop": 0, "osm_norm": 0}}, {"type": "Feature", "geometry": {"type": "Polygon", "coordinates": [[[19.82716063720196, 45.361892545619504], [19.82475131399334, 45.35735030579897], [19.829366318037497, 45.35373585394954], [19.83639059160185, 45.35466346936145], [19.838800520369954, 45.35920562523294], [19.834185570090007, 45.36282024965633], [19.82716063720196, 45.361892545619504]]]}, "properties": {"pop": 23, "kontur": 30, "osm": 0, "osm_pop": 0, "osm_norm": 0}}, {"type": "Feature", "geometry": {"type": "Polygon", "coordinates": [[[19.847615802348766, 45.32657207548335], [19.845206320794286, 45.32202853427035], [19.849818534217757, 45.318411735547706], [19.856840174886333, 45.319338305507245], [19.859250261081215, 45.323881762598724], [19.854638102042873, 45.327498733866946], [19.847615802348766, 45.32657207548335]]]}, "properties": {"pop": 42, "kontur": 54, "osm": 0, "osm_pop": 0, "osm_norm": 0}}, {"type": "Feature", "geometry": {"type": "Polygon", "coordinates": [[[19.868683366388666, 45.329350756471754], [19.86627256367193, 45.32480772975143], [19.87088412085452, 45.32119015150209], [19.877906425753213, 45.32211542745601], [19.880317832745426, 45.32665836983039], [19.87570633063931, 45.3302761206115], [19.868683366388666, 45.329350756471754]]]}, "properties": {"pop": 75, "kontur": 97, "osm": 0, "osm_pop": 0, "osm_norm": 0}}, {"type": "Feature", "geometry": {"type": "Polygon", "coordinates": [[[19.85704830021977, 45.33204184481426], [19.854638102042873, 45.327498733866946], [19.859250261081215, 45.323881762598724], [19.86627256367193, 45.32480772975143], [19.868683366388666, 45.329350756471754], [19.864071262050643, 45.332967900281076], [19.85704830021977, 45.33204184481426]]]}, "properties": {"pop": 6, "kontur": 8, "osm": 0, "osm_pop": 0, "osm_norm": 0}}, {"type": "Feature", "geometry": {"type": "Polygon", "coordinates": [[[19.86145178683014, 45.315720899794215], [19.859041812627193, 45.31117709667729], [19.86365287758899, 45.30755925665641], [19.870673862007443, 45.30848504723564], [19.87308444042311, 45.313028766098626], [19.868473430283377, 45.316646778651084], [19.86145178683014, 45.315720899794215]]]}, "properties": {"pop": 115, "kontur": 148, "osm": 0, "osm_pop": 0, "osm_norm": 0}}, {"type": "Feature", "geometry": {"type": "Polygon", "coordinates": [[[19.849818534217757, 45.318411735547706], [19.847409164491673, 45.31386784829579], [19.85202083088156, 45.31025061512366], [19.859041812627193, 45.31117709667729], [19.86145178683014, 45.315720899794215], [19.856840174886333, 45.319338305507245], [19.849818534217757, 45.318411735547706]]]}, "properties": {"pop": 31, "kontur": 40, "osm": 0, "osm_pop": 0, "osm_norm": 0}}, {"type": "Feature", "geometry": {"type": "Polygon", "coordinates": [[[19.87088412085452, 45.32119015150209], [19.868473430283377, 45.316646778651084], [19.87308444042311, 45.313028766098626], [19.88010608607258, 45.3139539538849], [19.88251738075572, 45.31849724237655], [19.877906425753213, 45.32211542745601], [19.87088412085452, 45.32119015150209]]]}, "properties": {"pop": 23, "kontur": 30, "osm": 0, "osm_pop": 0, "osm_norm": 0}}, {"type": "Feature", "geometry": {"type": "Polygon", "coordinates": [[[19.859250261081215, 45.323881762598724], [19.856840174886333, 45.319338305507245], [19.86145178683014, 45.315720899794215], [19.868473430283377, 45.316646778651084], [19.87088412085452, 45.32119015150209], [19.86627256367193, 45.32480772975143], [19.859250261081215, 45.323881762598724]]]}, "properties": {"pop": 142, "kontur": 183, "osm": 0, "osm_pop": 0, "osm_norm": 0}}, {"type": "Feature", "geometry": {"type": "Polygon", "coordinates": [[[19.83598074557045, 45.3292610899733], [19.833571868920444, 45.324717464757725], [19.838184683498977, 45.32110127317625], [19.845206320794286, 45.32202853427035], [19.847615802348766, 45.32657207548335], [19.843003041779173, 45.33018843961956], [19.83598074557045, 45.3292610899733]]]}, "properties": {"pop": 84, "kontur": 108, "osm": 0, "osm_pop": 0, "osm_norm": 0}}, {"type": "Feature", "geometry": {"type": "Polygon", "coordinates": [[[19.824345091659826, 45.33194880588612], [19.8219368201782, 45.327405096787025], [19.826550235587025, 45.32378951249735], [19.833571868920444, 45.324717464757725], [19.83598074557045, 45.3292610899733], [19.831367383794348, 45.332876846826785], [19.824345091659826, 45.33194880588612]]]}, "properties": {"pop": 53, "kontur": 68, "osm": 0, "osm_pop": 0, "osm_norm": 0}}, {"type": "Feature", "geometry": {"type": "Polygon", "coordinates": [[[19.82875494387897, 45.315629438310154], [19.826346895409614, 45.31108503719822], [19.830959216658222, 45.307468583580075], [19.83797953269678, 45.30839635853426], [19.840388186007242, 45.31294067573577], [19.835775918513733, 45.31655730190833], [19.82875494387897, 45.315629438310154]]]}, "properties": {"pop": 776, "kontur": 1000, "osm": 59, "osm_pop": 46, "osm_norm": 35}}, {"type": "Feature", "geometry": {"type": "Polygon", "coordinates": [[[19.81712110540998, 45.318316902664556], [19.814713662045445, 45.313772417761186], [19.819326583696952, 45.31015657130239], [19.826346895409614, 45.31108503719822], [19.82875494387897, 45.315629438310154], [19.8241420756065, 45.319245457332464], [19.81712110540998, 45.318316902664556]]]}, "properties": {"pop": 1459, "kontur": 1881, "osm": 0, "osm_pop": 0, "osm_norm": 0}}, {"type": "Feature", "geometry": {"type": "Polygon", "coordinates": [[[19.838184683498977, 45.32110127317625], [19.835775918513733, 45.31655730190833], [19.840388186007242, 45.31294067573577], [19.847409164491673, 45.31386784829579], [19.849818534217757, 45.318411735547706], [19.845206320794286, 45.32202853427035], [19.838184683498977, 45.32110127317625]]]}, "properties": {"pop": 160, "kontur": 206, "osm": 0, "osm_pop": 0, "osm_norm": 0}}, {"type": "Feature", "geometry": {"type": "Polygon", "coordinates": [[[19.826550235587025, 45.32378951249735], [19.8241420756065, 45.319245457332464], [19.82875494387897, 45.315629438310154], [19.835775918513733, 45.31655730190833], [19.838184683498977, 45.32110127317625], [19.833571868920444, 45.324717464757725], [19.826550235587025, 45.32378951249735]]]}, "properties": {"pop": 251, "kontur": 324, "osm": 0, "osm_pop": 0, "osm_norm": 0}}, {"type": "Feature", "geometry": {"type": "Polygon", "coordinates": [[[19.87811784993082, 45.33481871674995], [19.87570633063931, 45.3302761206115], [19.880317832745426, 45.32665836983039], [19.887340798827104, 45.32758304267527], [19.88975292229322, 45.3321255543624], [19.885141475578912, 45.33574347767068], [19.87811784993082, 45.33481871674995]]]}, "properties": {"pop": 9, "kontur": 12, "osm": 0, "osm_pop": 0, "osm_norm": 0}}, {"type": "Feature", "geometry": {"type": "Polygon", "coordinates": [[[19.866482176903073, 45.33751058075202], [19.864071262050643, 45.332967900281076], [19.868683366388666, 45.329350756471754], [19.87570633063931, 45.3302761206115], [19.87811784993082, 45.33481871674995], [19.873505800608463, 45.33843603309584], [19.866482176903073, 45.33751058075202]]]}, "properties": {"pop": 41, "kontur": 53, "osm": 0, "osm_pop": 0, "osm_norm": 0}}, {"type": "Feature", "geometry": {"type": "Polygon", "coordinates": [[[19.83157156296231, 45.345578380615144], [19.829162463012903, 45.341035447860165], [19.833776372099084, 45.33742012587135], [19.8407993273238, 45.33834756408802], [19.843209032505072, 45.34289041286728], [19.838595177305553, 45.34650590742034], [19.83157156296231, 45.345578380615144]]]}, "properties": {"pop": 29, "kontur": 37, "osm": 0, "osm_pop": 0, "osm_norm": 0}}, {"type": "Feature", "geometry": {"type": "Polygon", "coordinates": [[[19.852643072669252, 45.348359666456794], [19.8502326505581, 45.343817248153556], [19.854845904123284, 45.34020114618537], [19.861869525297003, 45.34112728998449], [19.86428055227527, 45.3456696240875], [19.859667353288522, 45.34928589860639], [19.852643072669252, 45.348359666456794]]]}, "properties": {"pop": 94, "kontur": 121, "osm": 0, "osm_pop": 0, "osm_norm": 0}}, {"type": "Feature", "geometry": {"type": "Polygon", "coordinates": [[[19.841004994285242, 45.351048409804925], [19.838595177305553, 45.34650590742034], [19.843209032505072, 45.34289041286728], [19.8502326505581, 45.343817248153556], [19.852643072669252, 45.348359666456794], [19.84802927167172, 45.35197533356986], [19.841004994285242, 45.351048409804925]]]}, "properties": {"pop": 1, "kontur": 1, "osm": 0, "osm_pop": 0, "osm_norm": 0}}, {"type": "Feature", "geometry": {"type": "Polygon", "coordinates": [[[19.845412635152037, 45.33473163467499], [19.843003041779173, 45.33018843961956], [19.847615802348766, 45.32657207548335], [19.854638102042873, 45.327498733866946], [19.85704830021977, 45.33204184481426], [19.852435593974306, 45.33565838150083], [19.845412635152037, 45.33473163467499]]]}, "properties": {"pop": 1, "kontur": 1, "osm": 0, "osm_pop": 0, "osm_norm": 0}}, {"type": "Feature", "geometry": {"type": "Polygon", "coordinates": [[[19.833776372099084, 45.33742012587135], [19.831367383794348, 45.332876846826785], [19.83598074557045, 45.3292610899733], [19.843003041779173, 45.33018843961956], [19.845412635152037, 45.33473163467499], [19.8407993273238, 45.33834756408802], [19.833776372099084, 45.33742012587135]]]}, "properties": {"pop": 36, "kontur": 46, "osm": 0, "osm_pop": 0, "osm_norm": 0}}, {"type": "Feature", "geometry": {"type": "Polygon", "coordinates": [[[19.843209032505072, 45.34289041286728], [19.8407993273238, 45.33834756408802], [19.845412635152037, 45.33473163467499], [19.852435593974306, 45.33565838150083], [19.854845904123284, 45.34020114618537], [19.8502326505581, 45.343817248153556], [19.843209032505072, 45.34289041286728]]]}, "properties": {"pop": 81, "kontur": 104, "osm": 0, "osm_pop": 0, "osm_norm": 0}}, {"type": "Feature", "geometry": {"type": "Polygon", "coordinates": [[[19.976241808971647, 45.3350239736388], [19.973824520392604, 45.33048318089263], [19.978432228415503, 45.326861274067674], [19.985457166498477, 45.32777998754997], [19.987875057356234, 45.332320694817405], [19.983267407928476, 45.33594277409586], [19.976241808971647, 45.3350239736388]]]}, "properties": {"pop": 2, "kontur": 3, "osm": 0, "osm_pop": 0, "osm_norm": 0}}, {"type": "Feature", "geometry": {"type": "Polygon", "coordinates": [[[19.86490881529176, 45.38376439275319], [19.86249662241148, 45.37922387651775], [19.867111409505384, 45.375608734398156], [19.87413833452864, 45.37653393597194], [19.876551132565776, 45.38107436783601], [19.87193640049876, 45.384689682512374], [19.86490881529176, 45.38376439275319]]]}, "properties": {"pop": 279, "kontur": 360, "osm": 0, "osm_pop": 0, "osm_norm": 0}}, {"type": "Feature", "geometry": {"type": "Polygon", "coordinates": [[[19.885992235284185, 45.38653896577124], [19.883578719797153, 45.381998965435024], [19.88819284861973, 45.37838304309801], [19.895220437285644, 45.379306948569045], [19.897634557563375, 45.383846864309746], [19.89302048446055, 45.387462959189634], [19.885992235284185, 45.38653896577124]]]}, "properties": {"pop": 107, "kontur": 138, "osm": 0, "osm_pop": 0, "osm_norm": 0}}, {"type": "Feature", "geometry": {"type": "Polygon", "coordinates": [[[19.87434931093, 45.38922976732544], [19.87193640049876, 45.384689682512374], [19.876551132565776, 45.38107436783601], [19.883578719797153, 45.381998965435024], [19.885992235284185, 45.38653896577124], [19.881377558560057, 45.39015445299999], [19.87434931093, 45.38922976732544]]]}, "properties": {"pop": 1461, "kontur": 1886, "osm": 0, "osm_pop": 0, "osm_norm": 0}}, {"type": "Feature", "geometry": {"type": "Polygon", "coordinates": [[[19.87875251875494, 45.372918186182204], [19.876339833121747, 45.36837740738523], [19.88095346962015, 45.364761222618625], [19.887979736363203, 45.36568564412144], [19.89039302672454, 45.370226338415094], [19.885779445690662, 45.373842695724], [19.87875251875494, 45.372918186182204]]]}, "properties": {"pop": 994, "kontur": 1283, "osm": 0, "osm_pop": 0, "osm_norm": 0}}, {"type": "Feature", "geometry": {"type": "Polygon", "coordinates": [[[19.867111409505384, 45.375608734398156], [19.864699328865182, 45.37106787121654], [19.869313568179304, 45.367452293978594], [19.876339833121747, 45.36837740738523], [19.87875251875494, 45.372918186182204], [19.87413833452864, 45.37653393597194], [19.867111409505384, 45.375608734398156]]]}, "properties": {"pop": 2046, "kontur": 2640, "osm": 0, "osm_pop": 0, "osm_norm": 0}}, {"type": "Feature", "geometry": {"type": "Polygon", "coordinates": [[[19.88819284861973, 45.37838304309801], [19.885779445690662, 45.373842695724], [19.89039302672454, 45.370226338415094], [19.897419954983043, 45.371150155957125], [19.899833962539027, 45.37569041872234], [19.895220437285644, 45.379306948569045], [19.88819284861973, 45.37838304309801]]]}, "properties": {"pop": 6, "kontur": 8, "osm": 0, "osm_pop": 0, "osm_norm": 0}}, {"type": "Feature", "geometry": {"type": "Polygon", "coordinates": [[[19.876551132565776, 45.38107436783601], [19.87413833452864, 45.37653393597194], [19.87875251875494, 45.372918186182204], [19.885779445690662, 45.373842695724], [19.88819284861973, 45.37838304309801], [19.883578719797153, 45.381998965435024], [19.876551132565776, 45.38107436783601]]]}, "properties": {"pop": 902, "kontur": 1164, "osm": 0, "osm_pop": 0, "osm_norm": 0}}, {"type": "Feature", "geometry": {"type": "Polygon", "coordinates": [[[19.881589702430094, 45.402848464071155], [19.879175961856635, 45.398309158164565], [19.883791186595214, 45.39469410618036], [19.890820096385145, 45.395618187564466], [19.8932344420771, 45.40015740890194], [19.888619272936726, 45.403772633439225], [19.881589702430094, 45.402848464071155]]]}, "properties": {"pop": 1586, "kontur": 2047, "osm": 0, "osm_pop": 0, "osm_norm": 0}}, {"type": "Feature", "geometry": {"type": "Polygon", "coordinates": [[[19.895434717450282, 45.39200252778771], [19.89302048446055, 45.387462959189634], [19.897634557563375, 45.383846864309746], [19.90466280769611, 45.38477016550429], [19.907077645375185, 45.389309649401454], [19.90246362830826, 45.392925916819706], [19.895434717450282, 45.39200252778771]]]}, "properties": {"pop": 15, "kontur": 19, "osm": 0, "osm_pop": 0, "osm_norm": 0}}, {"type": "Feature", "geometry": {"type": "Polygon", "coordinates": [[[19.883791186595214, 45.39469410618036], [19.881377558560057, 45.39015445299999], [19.885992235284185, 45.38653896577124], [19.89302048446055, 45.387462959189634], [19.895434717450282, 45.39200252778771], [19.890820096385145, 45.395618187564466], [19.883791186595214, 45.39469410618036]]]}, "properties": {"pop": 868, "kontur": 1120, "osm": 0, "osm_pop": 0, "osm_norm": 0}}, {"type": "Feature", "geometry": {"type": "Polygon", "coordinates": [[[19.8932344420771, 45.40015740890194], [19.890820096385145, 45.395618187564466], [19.895434717450282, 45.39200252778771], [19.90246362830826, 45.392925916819706], [19.904878578853413, 45.3974650534695], [19.900264013763486, 45.40108088578974], [19.8932344420771, 45.40015740890194]]]}, "properties": {"pop": 234, "kontur": 302, "osm": 0, "osm_pop": 0, "osm_norm": 0}}, {"type": "Feature", "geometry": {"type": "Polygon", "coordinates": [[[19.89039302672454, 45.370226338415094], [19.887979736363203, 45.36568564412144], [19.89259276972119, 45.362068851977156], [19.899619037675357, 45.362992581608474], [19.902032932499857, 45.36753319128006], [19.897419954983043, 45.371150155957125], [19.89039302672454, 45.370226338415094]]]}, "properties": {"pop": 46, "kontur": 59, "osm": 0, "osm_pop": 0, "osm_norm": 0}}, {"type": "Feature", "geometry": {"type": "Polygon", "coordinates": [[[19.918719969455243, 45.386615471205154], [19.9163045273522, 45.38207607212754], [19.920917392238582, 45.378458762398715], [19.927945642514583, 45.37938067924327], [19.93036168877612, 45.383919993382825], [19.925748880679297, 45.38753747563056], [19.918719969455243, 45.386615471205154]]]}, "properties": {"pop": 5, "kontur": 6, "osm": 0, "osm_pop": 0, "osm_norm": 0}}, {"type": "Feature", "geometry": {"type": "Polygon", "coordinates": [[[19.907077645375185, 45.389309649401454], [19.90466280769611, 45.38477016550429], [19.909276276852964, 45.38115346312434], [19.9163045273522, 45.38207607212754], [19.918719969455243, 45.386615471205154], [19.914106556711168, 45.39023234611382], [19.907077645375185, 45.389309649401454]]]}, "properties": {"pop": 1, "kontur": 1, "osm": 0, "osm_pop": 0, "osm_norm": 0}}, {"type": "Feature", "geometry": {"type": "Polygon", "coordinates": [[[19.909276276852964, 45.38115346312434], [19.906861552049676, 45.376613632097815], [19.911474473409353, 45.37299649489257], [19.918502063175083, 45.37391901620495], [19.920917392238582, 45.378458762398715], [19.9163045273522, 45.38207607212754], [19.909276276852964, 45.38115346312434]]]}, "properties": {"pop": 10, "kontur": 13, "osm": 0, "osm_pop": 0, "osm_norm": 0}}, {"type": "Feature", "geometry": {"type": "Polygon", "coordinates": [[[19.75066744796434, 45.4024427011538], [19.748261431797143, 45.39790100066557], [19.75288168136583, 45.39429150698453], [19.759907895860653, 45.395223541165066], [19.76231451966333, 45.39976515845822], [19.75769432141142, 45.40337482478076], [19.75066744796434, 45.4024427011538]]]}, "properties": {"pop": 5, "kontur": 6, "osm": 0, "osm_pop": 0, "osm_norm": 0}}, {"type": "Feature", "geometry": {"type": "Polygon", "coordinates": [[[19.764527545871665, 45.39161343845383], [19.76212103284242, 45.38707147421349], [19.766740134725207, 45.3834609352496], [19.773765697956794, 45.38439218791283], [19.776172818193533, 45.38893406882579], [19.771553768066894, 45.392544780417694], [19.764527545871665, 45.39161343845383]]]}, "properties": {"pop": 1, "kontur": 1, "osm": 0, "osm_pop": 0, "osm_norm": 0}}, {"type": "Feature", "geometry": {"type": "Polygon", "coordinates": [[[19.75288168136583, 45.39429150698453], [19.75047577580775, 45.389749459535984], [19.755095477197617, 45.38613952946137], [19.76212103284242, 45.38707147421349], [19.764527545871665, 45.39161343845383], [19.759907895860653, 45.395223541165066], [19.75288168136583, 45.39429150698453]]]}, "properties": {"pop": 7, "kontur": 9, "osm": 0, "osm_pop": 0, "osm_norm": 0}}, {"type": "Feature", "geometry": {"type": "Polygon", "coordinates": [[[19.73180438906961, 45.39149281467966], [19.729399809535284, 45.386950254303414], [19.734020160791797, 45.383341105916216], [19.741045040971898, 45.38427434527135], [19.743450228340034, 45.38881682266457], [19.738829927769856, 45.39242614370049], [19.73180438906961, 45.39149281467966]]]}, "properties": {"pop": 1, "kontur": 1, "osm": 0, "osm_pop": 0, "osm_norm": 0}}, {"type": "Feature", "geometry": {"type": "Polygon", "coordinates": [[[19.741235225593215, 45.396968274238105], [19.738829927769856, 45.39242614370049], [19.743450228340034, 45.38881682266457], [19.75047577580775, 45.389749459535984], [19.75288168136583, 45.39429150698453], [19.748261431797143, 45.39790100066557], [19.741235225593215, 45.396968274238105]]]}, "properties": {"pop": 1, "kontur": 1, "osm": 0, "osm_pop": 0, "osm_norm": 0}}, {"type": "Feature", "geometry": {"type": "Polygon", "coordinates": [[[19.729588179471236, 45.39964374003512], [19.72718348964608, 45.39510152652767], [19.73180438906961, 45.39149281467966], [19.738829927769856, 45.39242614370049], [19.741235225593215, 45.396968274238105], [19.73661437679373, 45.400577158739594], [19.729588179471236, 45.39964374003512]]]}, "properties": {"pop": 1, "kontur": 1, "osm": 0, "osm_pop": 0, "osm_norm": 0}}, {"type": "Feature", "geometry": {"type": "Polygon", "coordinates": [[[19.66085099391141, 45.33134371380191], [19.658452376858847, 45.326797030609924], [19.663072027280496, 45.32318839079405], [19.670090246534585, 45.324126261517655], [19.6724894718793, 45.3286728625491], [19.667869869753027, 45.33228167503235], [19.66085099391141, 45.33134371380191]]]}, "properties": {"pop": 1, "kontur": 1, "osm": 0, "osm_pop": 0, "osm_norm": 0}}, {"type": "Feature", "geometry": {"type": "Polygon", "coordinates": [[[19.700750123096878, 45.34512010424112], [19.698348745260226, 45.34057478798111], [19.70296765303613, 45.33696502136691], [19.709987889109577, 45.33790039837859], [19.712389874682017, 45.34244563203998], [19.707771016520642, 45.34605557130316], [19.700750123096878, 45.34512010424112]]]}, "properties": {"pop": 8, "kontur": 10, "osm": 0, "osm_pop": 0, "osm_norm": 0}}, {"type": "Feature", "geometry": {"type": "Polygon", "coordinates": [[[19.721813481516428, 45.347925212602135], [19.719410778434504, 45.34338040772656], [19.7240290390746, 45.339769859814105], [19.73104995256635, 45.340703944154946], [19.73345326302288, 45.34524866620641], [19.72883505268851, 45.348859386755976], [19.721813481516428, 45.347925212602135]]]}, "properties": {"pop": 1376, "kontur": 1775, "osm": 0, "osm_pop": 0, "osm_norm": 0}}, {"type": "Feature", "geometry": {"type": "Polygon", "coordinates": [[[19.710173111965204, 45.35060045888344], [19.707771016520642, 45.34605557130316], [19.712389874682017, 45.34244563203998], [19.719410778434504, 45.34338040772656], [19.721813481516428, 45.347925212602135], [19.717194673283956, 45.35153532451069], [19.710173111965204, 45.35060045888344]]]}, "properties": {"pop": 138, "kontur": 178, "osm": 0, "osm_pop": 0, "osm_norm": 0}}, {"type": "Feature", "geometry": {"type": "Polygon", "coordinates": [[[19.7240290390746, 45.339769859814105], [19.72162644602894, 45.33522470887078], [19.726244159189065, 45.33161372509089], [19.733264415102333, 45.33254771963663], [19.735667615358512, 45.33709278774246], [19.73104995256635, 45.340703944154946], [19.7240290390746, 45.339769859814105]]]}, "properties": {"pop": 68, "kontur": 88, "osm": 0, "osm_pop": 0, "osm_norm": 0}}, {"type": "Feature", "geometry": {"type": "Polygon", "coordinates": [[[19.712389874682017, 45.34244563203998], [19.709987889109577, 45.33790039837859], [19.714606199740963, 45.33429002310696], [19.72162644602894, 45.33522470887078], [19.7240290390746, 45.339769859814105], [19.719410778434504, 45.34338040772656], [19.712389874682017, 45.34244563203998]]]}, "properties": {"pop": 181, "kontur": 233, "osm": 0, "osm_pop": 0, "osm_norm": 0}}, {"type": "Feature", "geometry": {"type": "Polygon", "coordinates": [[[19.66804849854371, 45.34498221582367], [19.665649054714756, 45.3404363064688], [19.670269204345264, 45.33682793028479], [19.677288749333435, 45.33776529080208], [19.679688801521003, 45.34231111790353], [19.675068700437073, 45.34591966675601], [19.66804849854371, 45.34498221582367]]]}, "properties": {"pop": 5, "kontur": 6, "osm": 0, "osm_pop": 0, "osm_norm": 0}}, {"type": "Feature", "geometry": {"type": "Polygon", "coordinates": [[[19.681908302850374, 45.334156305654844], [19.679508360063764, 45.329610132669195], [19.68412736612597, 45.32600071136356], [19.69114626606403, 45.326937290402434], [19.693546816782877, 45.33148338100174], [19.688927859706737, 45.33509297496343], [19.681908302850374, 45.334156305654844]]]}, "properties": {"pop": 11, "kontur": 14, "osm": 0, "osm_pop": 0, "osm_norm": 0}}, {"type": "Feature", "geometry": {"type": "Polygon", "coordinates": [[[19.670269204345264, 45.33682793028479], [19.667869869753027, 45.33228167503235], [19.6724894718793, 45.3286728625491], [19.679508360063764, 45.329610132669195], [19.681908302850374, 45.334156305654844], [19.677288749333435, 45.33776529080208], [19.670269204345264, 45.33682793028479]]]}, "properties": {"pop": 2, "kontur": 3, "osm": 0, "osm_pop": 0, "osm_norm": 0}}, {"type": "Feature", "geometry": {"type": "Polygon", "coordinates": [[[19.691328519990687, 45.33963871969192], [19.688927859706737, 45.33509297496343], [19.693546816782877, 45.33148338100174], [19.70056638491808, 45.33241935913091], [19.70296765303613, 45.33696502136691], [19.698348745260226, 45.34057478798111], [19.691328519990687, 45.33963871969192]]]}, "properties": {"pop": 3, "kontur": 4, "osm": 0, "osm_pop": 0, "osm_norm": 0}}, {"type": "Feature", "geometry": {"type": "Polygon", "coordinates": [[[19.679688801521003, 45.34231111790353], [19.677288749333435, 45.33776529080208], [19.681908302850374, 45.334156305654844], [19.688927859706737, 45.33509297496343], [19.691328519990687, 45.33963871969192], [19.68670901539721, 45.343247877499664], [19.679688801521003, 45.34231111790353]]]}, "properties": {"pop": 161, "kontur": 208, "osm": 0, "osm_pop": 0, "osm_norm": 0}}, {"type": "Feature", "geometry": {"type": "Polygon", "coordinates": [[[19.702415626781885, 45.29885420991071], [19.70001551443047, 45.29430673701524], [19.70463173560374, 45.29069496433238], [19.711648019591273, 45.29163049192941], [19.714048738956667, 45.29617788226516], [19.709432567395798, 45.29978982757843], [19.702415626781885, 45.29885420991071]]]}, "properties": {"pop": 14, "kontur": 18, "osm": 0, "osm_pop": 0, "osm_norm": 0}}, {"type": "Feature", "geometry": {"type": "Polygon", "coordinates": [[[19.72346712585653, 45.30165977158114], [19.721065689803694, 45.29711280929348], [19.72568126446969, 45.29350025602819], [19.732698224961393, 45.294434492446946], [19.735100267667587, 45.29898137194933], [19.730484743304068, 45.30259409783308], [19.72346712585653, 45.30165977158114]]]}, "properties": {"pop": 355, "kontur": 458, "osm": 727, "osm_pop": 564, "osm_norm": 430}}, {"type": "Feature", "geometry": {"type": "Polygon", "coordinates": [[[19.726244159189065, 45.33161372509089], [19.723841676190244, 45.32706822819832], [19.728458841982754, 45.32345680868748], [19.735478440419357, 45.32439071345603], [19.737881530464684, 45.32893612749775], [19.733264415102333, 45.33254771963663], [19.726244159189065, 45.33161372509089]]]}, "properties": {"pop": 7, "kontur": 9, "osm": 0, "osm_pop": 0, "osm_norm": 0}}, {"type": "Feature", "geometry": {"type": "Polygon", "coordinates": [[[19.730673087578502, 45.31529911085917], [19.72827082470495, 45.310752922424086], [19.732886896099195, 45.30714063186128], [19.739905179887952, 45.308074357129314], [19.742308049480073, 45.312620462686624], [19.737692028640293, 45.3162329258685], [19.730673087578502, 45.31529911085917]]]}, "properties": {"pop": 2, "kontur": 3, "osm": 0, "osm_pop": 0, "osm_norm": 0}}, {"type": "Feature", "geometry": {"type": "Polygon", "coordinates": [[[19.728458841982754, 45.32345680868748], [19.72605646904127, 45.31891096596433], [19.730673087578502, 45.31529911085917], [19.737692028640293, 45.3162329258685], [19.740095008464255, 45.32077868572739], [19.735478440419357, 45.32439071345603], [19.728458841982754, 45.32345680868748]]]}, "properties": {"pop": 6, "kontur": 8, "osm": 0, "osm_pop": 0, "osm_norm": 0}}, {"type": "Feature", "geometry": {"type": "Polygon", "coordinates": [[[19.68412736612597, 45.32600071136356], [19.68172753275107, 45.32145419261231], [19.68634599147084, 45.31784433528479], [19.69336423459213, 45.31878082407179], [19.695764675735127, 45.32332726042329], [19.69114626606403, 45.326937290402434], [19.68412736612597, 45.32600071136356]]]}, "properties": {"pop": 9, "kontur": 12, "osm": 0, "osm_pop": 0, "osm_norm": 0}}, {"type": "Feature", "geometry": {"type": "Polygon", "coordinates": [[[19.705184745226422, 45.32880915650373], [19.702783586837626, 45.324263148410324], [19.707401399790715, 45.320652509906644], [19.714420321468612, 45.32158770687133], [19.716822087264976, 45.32613363233937], [19.712204324051243, 45.32974444348297], [19.705184745226422, 45.32880915650373]]]}, "properties": {"pop": 12, "kontur": 15, "osm": 0, "osm_pop": 0, "osm_norm": 0}}, {"type": "Feature", "geometry": {"type": "Polygon", "coordinates": [[[19.693546816782877, 45.33148338100174], [19.69114626606403, 45.326937290402434], [19.695764675735127, 45.32332726042329], [19.702783586837626, 45.324263148410324], [19.705184745226422, 45.32880915650373], [19.70056638491808, 45.33241935913091], [19.693546816782877, 45.33148338100174]]]}, "properties": {"pop": 6, "kontur": 8, "osm": 0, "osm_pop": 0, "osm_norm": 0}}, {"type": "Feature", "geometry": {"type": "Polygon", "coordinates": [[[19.707401399790715, 45.320652509906644], [19.70500035114184, 45.31610615607445], [19.709617616851943, 45.31249508183089], [19.716635881484567, 45.313430188798904], [19.71903753737699, 45.317976459992295], [19.714420321468612, 45.32158770687133], [19.707401399790715, 45.320652509906644]]]}, "properties": {"pop": 6, "kontur": 8, "osm": 0, "osm_pop": 0, "osm_norm": 0}}, {"type": "Feature", "geometry": {"type": "Polygon", "coordinates": [[[19.695764675735127, 45.32332726042329], [19.69336423459213, 45.31878082407179], [19.697982096970428, 45.315170358211745], [19.70500035114184, 45.31610615607445], [19.707401399790715, 45.320652509906644], [19.702783586837626, 45.324263148410324], [19.695764675735127, 45.32332726042329]]]}, "properties": {"pop": 3, "kontur": 4, "osm": 0, "osm_pop": 0, "osm_norm": 0}}, {"type": "Feature", "geometry": {"type": "Polygon", "coordinates": [[[19.6586295221842, 45.3394982547137], [19.656230796048348, 45.33495191731409], [19.66085099391141, 45.33134371380191], [19.667869869753027, 45.33228167503235], [19.670269204345264, 45.33682793028479], [19.665649054714756, 45.3404363064688], [19.6586295221842, 45.3394982547137]]]}, "properties": {"pop": 29, "kontur": 37, "osm": 0, "osm_pop": 0, "osm_norm": 0}}, {"type": "Feature", "geometry": {"type": "Polygon", "coordinates": [[[19.71738105357701, 45.36423357135313], [19.71497813045431, 45.35968945896836], [19.719597486391564, 45.35607978320006], [19.726619715345855, 45.35701404718491], [19.72902324617149, 45.36155807677223], [19.72440394041539, 45.365167925187], [19.71738105357701, 45.36423357135313]]]}, "properties": {"pop": 503, "kontur": 649, "osm": 0, "osm_pop": 0, "osm_norm": 0}}, {"type": "Feature", "geometry": {"type": "Polygon", "coordinates": [[[19.738450391100184, 45.36703533918151], [19.73604614250164, 45.36249173890725], [19.7406648499325, 45.35888128171883], [19.74768775516458, 45.359814252185075], [19.75009261110416, 45.36435776943654], [19.745473954546213, 45.36796839925939], [19.738450391100184, 45.36703533918151]]]}, "properties": {"pop": 14, "kontur": 18, "osm": 0, "osm_pop": 0, "osm_norm": 0}}, {"type": "Feature", "geometry": {"type": "Polygon", "coordinates": [[[19.72680758140978, 45.3697116083647], [19.72440394041539, 45.365167925187], [19.72902324617149, 45.36155807677223], [19.73604614250164, 45.36249173890725], [19.738450391100184, 45.36703533918151], [19.733831135839974, 45.370645360239045], [19.72680758140978, 45.3697116083647]]]}, "properties": {"pop": 512, "kontur": 661, "osm": 0, "osm_pop": 0, "osm_norm": 0}}, {"type": "Feature", "geometry": {"type": "Polygon", "coordinates": [[[19.731238473334862, 45.3534037626346], [19.72883505268851, 45.348859386755976], [19.73345326302288, 45.34524866620641], [19.74047484345878, 45.346182148916796], [19.74287887138093, 45.35072644186528], [19.738260711666896, 45.35433733504831], [19.731238473334862, 45.3534037626346]]]}, "properties": {"pop": 612, "kontur": 790, "osm": 0, "osm_pop": 0, "osm_norm": 0}}, {"type": "Feature", "geometry": {"type": "Polygon", "coordinates": [[[19.719597486391564, 45.35607978320006], [19.717194673283956, 45.35153532451069], [19.721813481516428, 45.347925212602135], [19.72883505268851, 45.348859386755976], [19.731238473334862, 45.3534037626346], [19.726619715345855, 45.35701404718491], [19.719597486391564, 45.35607978320006]]]}, "properties": {"pop": 874, "kontur": 1128, "osm": 0, "osm_pop": 0, "osm_norm": 0}}, {"type": "Feature", "geometry": {"type": "Polygon", "coordinates": [[[19.7406648499325, 45.35888128171883], [19.738260711666896, 45.35433733504831], [19.74287887138093, 45.35072644186528], [19.7499011185011, 45.35165932273785], [19.752305863943576, 45.35620318637231], [19.74768775516458, 45.359814252185075], [19.7406648499325, 45.35888128171883]]]}, "properties": {"pop": 98, "kontur": 126, "osm": 0, "osm_pop": 0, "osm_norm": 0}}, {"type": "Feature", "geometry": {"type": "Polygon", "coordinates": [[[19.72902324617149, 45.36155807677223], [19.726619715345855, 45.35701404718491], [19.731238473334862, 45.3534037626346], [19.738260711666896, 45.35433733504831], [19.7406648499325, 45.35888128171883], [19.73604614250164, 45.36249173890725], [19.72902324617149, 45.36155807677223]]]}, "properties": {"pop": 957, "kontur": 1235, "osm": 0, "osm_pop": 0, "osm_norm": 0}}, {"type": "Feature", "geometry": {"type": "Polygon", "coordinates": [[[19.766740134725207, 45.3834609352496], [19.764333732479752, 45.378918624180116], [19.768952286346973, 45.37530764909965], [19.775977190717214, 45.37623881248031], [19.778384200005913, 45.38078104020922], [19.773765697956794, 45.38439218791283], [19.766740134725207, 45.3834609352496]]]}, "properties": {"pop": 5, "kontur": 6, "osm": 0, "osm_pop": 0, "osm_norm": 0}}, {"type": "Feature", "geometry": {"type": "Polygon", "coordinates": [[[19.78781749741452, 45.38625339828047], [19.785409770234118, 45.38171160081398], [19.790027672123188, 45.378099844520335], [19.797053248757873, 45.37902971309744], [19.799461582618033, 45.3835714269984], [19.794843733239528, 45.38718335590258], [19.78781749741452, 45.38625339828047]]]}, "properties": {"pop": 20, "kontur": 26, "osm": 0, "osm_pop": 0, "osm_norm": 0}}, {"type": "Feature", "geometry": {"type": "Polygon", "coordinates": [[[19.776172818193533, 45.38893406882579], [19.773765697956794, 45.38439218791283], [19.778384200005913, 45.38078104020922], [19.785409770234118, 45.38171160081398], [19.78781749741452, 45.38625339828047], [19.783199047498783, 45.389864718603455], [19.776172818193533, 45.38893406882579]]]}, "properties": {"pop": 11, "kontur": 14, "osm": 0, "osm_pop": 0, "osm_norm": 0}}, {"type": "Feature", "geometry": {"type": "Polygon", "coordinates": [[[19.780595144801502, 45.37262722880112], [19.778188246471167, 45.36808465437441], [19.782805652703217, 45.36447263485587], [19.789829905084357, 45.365403017169264], [19.7922374100301, 45.36994550812304], [19.787620056055005, 45.37355770025117], [19.780595144801502, 45.37262722880112]]]}, "properties": {"pop": 26, "kontur": 34, "osm": 0, "osm_pop": 0, "osm_norm": 0}}, {"type": "Feature", "geometry": {"type": "Polygon", "coordinates": [[[19.768952286346973, 45.37530764909965], [19.766545994895733, 45.37076499131907], [19.77116400085997, 45.367153580258204], [19.778188246471167, 45.36808465437441], [19.780595144801502, 45.37262722880112], [19.775977190717214, 45.37623881248031], [19.768952286346973, 45.37530764909965]]]}, "properties": {"pop": 8, "kontur": 10, "osm": 0, "osm_pop": 0, "osm_norm": 0}}, {"type": "Feature", "geometry": {"type": "Polygon", "coordinates": [[[19.790027672123188, 45.378099844520335], [19.787620056055005, 45.37355770025117], [19.7922374100301, 45.36994550812304], [19.799262327576898, 45.37087528767321], [19.801670550160736, 45.37541734836361], [19.797053248757873, 45.37902971309744], [19.790027672123188, 45.378099844520335]]]}, "properties": {"pop": 45, "kontur": 58, "osm": 0, "osm_pop": 0, "osm_norm": 0}}, {"type": "Feature", "geometry": {"type": "Polygon", "coordinates": [[[19.778384200005913, 45.38078104020922], [19.775977190717214, 45.37623881248031], [19.780595144801502, 45.37262722880112], [19.787620056055005, 45.37355770025117], [19.790027672123188, 45.378099844520335], [19.785409770234118, 45.38171160081398], [19.778384200005913, 45.38078104020922]]]}, "properties": {"pop": 24, "kontur": 31, "osm": 0, "osm_pop": 0, "osm_norm": 0}}, {"type": "Feature", "geometry": {"type": "Polygon", "coordinates": [[[19.755095477197617, 45.38613952946137], [19.752689682259067, 45.38159713517042], [19.757308835582766, 45.377986768838284], [19.764333732479752, 45.378918624180116], [19.766740134725207, 45.3834609352496], [19.76212103284242, 45.38707147421349], [19.755095477197617, 45.38613952946137]]]}, "properties": {"pop": 3, "kontur": 4, "osm": 0, "osm_pop": 0, "osm_norm": 0}}, {"type": "Feature", "geometry": {"type": "Polygon", "coordinates": [[[19.757308835582766, 45.377986768838284], [19.754903151274178, 45.37344402782301], [19.75952175664429, 45.369833225369476], [19.766545994895733, 45.37076499131907], [19.768952286346973, 45.37530764909965], [19.764333732479752, 45.378918624180116], [19.757308835582766, 45.377986768838284]]]}, "properties": {"pop": 1, "kontur": 1, "osm": 0, "osm_pop": 0, "osm_norm": 0}}, {"type": "Feature", "geometry": {"type": "Polygon", "coordinates": [[[19.745664793425426, 45.380664587837046], [19.743259716522985, 45.37612176370627], [19.747878920972447, 45.37251157000958], [19.754903151274178, 45.37344402782301], [19.757308835582766, 45.377986768838284], [19.752689682259067, 45.38159713517042], [19.745664793425426, 45.380664587837046]]]}, "properties": {"pop": 1, "kontur": 1, "osm": 0, "osm_pop": 0, "osm_norm": 0}}, {"type": "Feature", "geometry": {"type": "Polygon", "coordinates": [[[19.766157897117058, 45.345367900433125], [19.76375265543248, 45.34082377370278], [19.768369070113753, 45.337211228126684], [19.77539067480469, 45.33814263668775], [19.777796522975645, 45.34268668013018], [19.773180160044873, 45.346299398314265], [19.766157897117058, 45.345367900433125]]]}, "properties": {"pop": 4, "kontur": 5, "osm": 0, "osm_pop": 0, "osm_norm": 0}}, {"type": "Feature", "geometry": {"type": "Polygon", "coordinates": [[[19.780006490282652, 45.334529483068806], [19.77760075295757, 45.32998509350695], [19.782216021095238, 45.32637150458976], [19.789236974444794, 45.3273021326546], [19.791643317828992, 45.33184643879594], [19.78702810188011, 45.335460200307764], [19.780006490282652, 45.334529483068806]]]}, "properties": {"pop": 9, "kontur": 12, "osm": 0, "osm_pop": 0, "osm_norm": 0}}, {"type": "Feature", "geometry": {"type": "Polygon", "coordinates": [[[19.768369070113753, 45.337211228126684], [19.765963939111117, 45.33266675526348], [19.7705798064014, 45.32905377424792], [19.77760075295757, 45.32998509350695], [19.780006490282652, 45.334529483068806], [19.77539067480469, 45.33814263668775], [19.768369070113753, 45.337211228126684]]]}, "properties": {"pop": 8, "kontur": 10, "osm": 0, "osm_pop": 0, "osm_norm": 0}}, {"type": "Feature", "geometry": {"type": "Polygon", "coordinates": [[[19.73345326302288, 45.34524866620641], [19.73104995256635, 45.340703944154946], [19.735667615358512, 45.33709278774246], [19.742688538000184, 45.3380261807675], [19.745092455568436, 45.34257081987549], [19.74047484345878, 45.346182148916796], [19.73345326302288, 45.34524866620641]]]}, "properties": {"pop": 22, "kontur": 28, "osm": 0, "osm_pop": 0, "osm_norm": 0}}, {"type": "Feature", "geometry": {"type": "Polygon", "coordinates": [[[19.74287887138093, 45.35072644186528], [19.74047484345878, 45.346182148916796], [19.745092455568436, 45.34257081987549], [19.752114044678684, 45.34350361117248], [19.754518679613636, 45.34804782107155], [19.7499011185011, 45.35165932273785], [19.74287887138093, 45.35072644186528]]]}, "properties": {"pop": 2, "kontur": 3, "osm": 0, "osm_pop": 0, "osm_norm": 0}}, {"type": "Feature", "geometry": {"type": "Polygon", "coordinates": [[[19.735667615358512, 45.33709278774246], [19.733264415102333, 45.33254771963663], [19.737881530464684, 45.32893612749775], [19.744901795414066, 45.32986943085539], [19.74730560261793, 45.33441441600439], [19.742688538000184, 45.3380261807675], [19.735667615358512, 45.33709278774246]]]}, "properties": {"pop": 1, "kontur": 1, "osm": 0, "osm_pop": 0, "osm_norm": 0}}, {"type": "Feature", "geometry": {"type": "Polygon", "coordinates": [[[19.782805652703217, 45.36447263485587], [19.780398865341542, 45.35992971384952], [19.78501572383399, 45.356317258627996], [19.792039317445095, 45.357247551822816], [19.794446711258125, 45.36179038934293], [19.789829905084357, 45.365403017169264], [19.782805652703217, 45.36447263485587]]]}, "properties": {"pop": 3, "kontur": 4, "osm": 0, "osm_pop": 0, "osm_norm": 0}}, {"type": "Feature", "geometry": {"type": "Polygon", "coordinates": [[[19.80387908111677, 45.36726248724603], [19.801470969819448, 45.362720079884305], [19.806087175608994, 45.359106843900115], [19.81311143976088, 45.36003584270045], [19.815520157145844, 45.36457816635109], [19.81090400436705, 45.368191574927216], [19.80387908111677, 45.36726248724603]]]}, "properties": {"pop": 160, "kontur": 206, "osm": 0, "osm_pop": 0, "osm_norm": 0}}, {"type": "Feature", "geometry": {"type": "Polygon", "coordinates": [[[19.7922374100301, 45.36994550812304], [19.789829905084357, 45.365403017169264], [19.794446711258125, 45.36179038934293], [19.801470969819448, 45.362720079884305], [19.80387908111677, 45.36726248724603], [19.799262327576898, 45.37087528767321], [19.7922374100301, 45.36994550812304]]]}, "properties": {"pop": 214, "kontur": 276, "osm": 0, "osm_pop": 0, "osm_norm": 0}}, {"type": "Feature", "geometry": {"type": "Polygon", "coordinates": [[[19.79665557593012, 45.35363448843463], [19.794248293260083, 45.34909130446646], [19.798864004168948, 45.34547780565288], [19.80588694506652, 45.34640731823103], [19.808294833760225, 45.35095041858051], [19.8036791756084, 45.35456408998533], [19.79665557593012, 45.35363448843463]]]}, "properties": {"pop": 16, "kontur": 21, "osm": 0, "osm_pop": 0, "osm_norm": 0}}, {"type": "Feature", "geometry": {"type": "Polygon", "coordinates": [[[19.78501572383399, 45.356317258627996], [19.78260904745127, 45.351773991160265], [19.787225358316668, 45.34816110037211], [19.794248293260083, 45.34909130446646], [19.79665557593012, 45.35363448843463], [19.792039317445095, 45.357247551822816], [19.78501572383399, 45.356317258627996]]]}, "properties": {"pop": 7, "kontur": 9, "osm": 0, "osm_pop": 0, "osm_norm": 0}}, {"type": "Feature", "geometry": {"type": "Polygon", "coordinates": [[[19.806087175608994, 45.359106843900115], [19.8036791756084, 45.35456408998533], [19.808294833760225, 45.35095041858051], [19.815318438916158, 45.351879328518116], [19.81772704484047, 45.35642199870852], [19.81311143976088, 45.36003584270045], [19.806087175608994, 45.359106843900115]]]}, "properties": {"pop": 29, "kontur": 37, "osm": 0, "osm_pop": 0, "osm_norm": 0}}, {"type": "Feature", "geometry": {"type": "Polygon", "coordinates": [[[19.794446711258125, 45.36179038934293], [19.792039317445095, 45.357247551822816], [19.79665557593012, 45.35363448843463], [19.8036791756084, 45.35456408998533], [19.806087175608994, 45.359106843900115], [19.801470969819448, 45.362720079884305], [19.794446711258125, 45.36179038934293]]]}, "properties": {"pop": 21, "kontur": 27, "osm": 0, "osm_pop": 0, "osm_norm": 0}}, {"type": "Feature", "geometry": {"type": "Polygon", "coordinates": [[[19.75009261110416, 45.36435776943654], [19.74768775516458, 45.359814252185075], [19.752305863943576, 45.35620318637231], [19.75932877748786, 45.35713546519989], [19.76173424050523, 45.36167889930934], [19.757116182976123, 45.365290137748026], [19.75009261110416, 45.36435776943654]]]}, "properties": {"pop": 1, "kontur": 1, "osm": 0, "osm_pop": 0, "osm_norm": 0}}, {"type": "Feature", "geometry": {"type": "Polygon", "coordinates": [[[19.696863337957073, 45.399512981805785], [19.694460583503577, 45.39497017319612], [19.699082729205937, 45.391362852844814], [19.706107579883387, 45.39229816844452], [19.708510942960235, 45.396840894429026], [19.70388884681181, 45.400448387453835], [19.696863337957073, 45.399512981805785]]]}, "properties": {"pop": 1, "kontur": 1, "osm": 0, "osm_pop": 0, "osm_norm": 0}}, {"type": "Feature", "geometry": {"type": "Polygon", "coordinates": [[[19.7079559114675, 45.35875450338251], [19.705553706161428, 45.354209962001796], [19.710173111965204, 45.35060045888344], [19.717194673283956, 45.35153532451069], [19.719597486391564, 45.35607978320006], [19.71497813045431, 45.35968945896836], [19.7079559114675, 45.35875450338251]]]}, "properties": {"pop": 37, "kontur": 48, "osm": 0, "osm_pop": 0, "osm_norm": 0}}, {"type": "Feature", "geometry": {"type": "Polygon", "coordinates": [[[19.701301682058215, 45.38321194026792], [19.698899147231643, 45.378668438195525], [19.703520196637122, 45.37506024432912], [19.710543731265556, 45.37599537988605], [19.7129468743866, 45.38053879930689], [19.708325874660215, 45.38414716583726], [19.701301682058215, 45.38321194026792]]]}, "properties": {"pop": 6, "kontur": 8, "osm": 0, "osm_pop": 0, "osm_norm": 0}}, {"type": "Feature", "geometry": {"type": "Polygon", "coordinates": [[[19.722374938599025, 45.38601632289652], [19.71997107729887, 45.381473332892526], [19.724591478926644, 45.37786435715757], [19.731615691558876, 45.378798198789205], [19.734020160791797, 45.383341105916216], [19.729399809535284, 45.386950254303414], [19.722374938599025, 45.38601632289652]]]}, "properties": {"pop": 1, "kontur": 1, "osm": 0, "osm_pop": 0, "osm_norm": 0}}, {"type": "Feature", "geometry": {"type": "Polygon", "coordinates": [[[19.71516418294973, 45.37238657680687], [19.71276114982255, 45.367842810844984], [19.71738105357701, 45.36423357135313], [19.72440394041539, 45.365167925187], [19.72680758140978, 45.3697116083647], [19.7221877277741, 45.37332102050763], [19.71516418294973, 45.37238657680687]]]}, "properties": {"pop": 156, "kontur": 201, "osm": 0, "osm_pop": 0, "osm_norm": 0}}, {"type": "Feature", "geometry": {"type": "Polygon", "coordinates": [[[19.703520196637122, 45.37506024432912], [19.701117771640043, 45.37051639570244], [19.705738273065833, 45.366907765282555], [19.71276114982255, 45.367842810844984], [19.71516418294973, 45.37238657680687], [19.710543731265556, 45.37599537988605], [19.703520196637122, 45.37506024432912]]]}, "properties": {"pop": 1, "kontur": 1, "osm": 0, "osm_pop": 0, "osm_norm": 0}}, {"type": "Feature", "geometry": {"type": "Polygon", "coordinates": [[[19.724591478926644, 45.37786435715757], [19.7221877277741, 45.37332102050763], [19.72680758140978, 45.3697116083647], [19.733831135839974, 45.370645360239045], [19.73623549476097, 45.375188613998766], [19.731615691558876, 45.378798198789205], [19.724591478926644, 45.37786435715757]]]}, "properties": {"pop": 117, "kontur": 151, "osm": 0, "osm_pop": 0, "osm_norm": 0}}, {"type": "Feature", "geometry": {"type": "Polygon", "coordinates": [[[19.7129468743866, 45.38053879930689], [19.710543731265556, 45.37599537988605], [19.71516418294973, 45.37238657680687], [19.7221877277741, 45.37332102050763], [19.724591478926644, 45.37786435715757], [19.71997107729887, 45.381473332892526], [19.7129468743866, 45.38053879930689]]]}, "properties": {"pop": 202, "kontur": 261, "osm": 0, "osm_pop": 0, "osm_norm": 0}}, {"type": "Feature", "geometry": {"type": "Polygon", "coordinates": [[[19.680230464123945, 45.3804036759], [19.677829256175425, 45.37585966230193], [19.68245095196182, 45.37225225047263], [19.689473806785156, 45.37318867958081], [19.6918756233893, 45.37773261075292], [19.687253976589943, 45.381340195257664], [19.680230464123945, 45.3804036759]]]}, "properties": {"pop": 1, "kontur": 1, "osm": 0, "osm_pop": 0, "osm_norm": 0}}, {"type": "Feature", "geometry": {"type": "Polygon", "coordinates": [[[19.698000060953145, 45.15442750471702], [19.69560445141005, 45.14987316191478], [19.70021268072944, 45.1462555639575], [19.707216470373393, 45.14719213623087], [19.709612684870407, 45.15174639669074], [19.705004504844403, 45.15536416723441], [19.698000060953145, 45.15442750471702]]]}, "properties": {"pop": 3, "kontur": 4, "osm": 0, "osm_pop": 0, "osm_norm": 0}}, {"type": "Feature", "geometry": {"type": "Polygon", "coordinates": [[[19.71901406785398, 45.15723620572568], [19.716617139181775, 45.15268237087686], [19.72122472456052, 45.14906399447217], [19.72822918870666, 45.14999928035707], [19.730626721974172, 45.15455303263776], [19.726019186575193, 45.158171581616514], [19.71901406785398, 45.15723620572568]]]}, "properties": {"pop": 1, "kontur": 1, "osm": 0, "osm_pop": 0, "osm_norm": 0}}, {"type": "Feature", "geometry": {"type": "Polygon", "coordinates": [[[19.70740082866044, 45.15991808453153], [19.705004504844403, 45.15536416723441], [19.709612684870407, 45.15174639669074], [19.716617139181775, 45.15268237087686], [19.71901406785398, 45.15723620572568], [19.714405937433575, 45.16085414885149], [19.70740082866044, 45.15991808453153]]]}, "properties": {"pop": 9, "kontur": 12, "osm": 0, "osm_pop": 0, "osm_norm": 0}}, {"type": "Feature", "geometry": {"type": "Polygon", "coordinates": [[[19.714591447608363, 45.173578298330014], [19.71219430000362, 45.169025150139944], [19.71680297557732, 45.16540764043117], [19.723808748974744, 45.16634310634567], [19.726206501500855, 45.170896171995615], [19.721597875783143, 45.174513854286], [19.714591447608363, 45.173578298330014]]]}, "properties": {"pop": 1, "kontur": 1, "osm": 0, "osm_pop": 0, "osm_norm": 0}}, {"type": "Feature", "geometry": {"type": "Polygon", "coordinates": [[[19.73561140622777, 45.17638367880478], [19.733212939264753, 45.17183103929678], [19.737820969536898, 45.16821275101969], [19.744827416304204, 45.16914692969631], [19.747226487829263, 45.1736994864386], [19.74261850810004, 45.17731794728477], [19.73561140622777, 45.17638367880478]]]}, "properties": {"pop": 1, "kontur": 1, "osm": 0, "osm_pop": 0, "osm_norm": 0}}, {"type": "Feature", "geometry": {"type": "Polygon", "coordinates": [[[19.72399573792284, 45.17906657644], [19.721597875783143, 45.174513854286], [19.726206501500855, 45.170896171995615], [19.733212939264753, 45.17183103929678], [19.73561140622777, 45.17638367880478], [19.731002830678555, 45.18000153367244], [19.72399573792284, 45.17906657644]]]}, "properties": {"pop": 17, "kontur": 22, "osm": 0, "osm_pop": 0, "osm_norm": 0}}, {"type": "Feature", "geometry": {"type": "Polygon", "coordinates": [[[19.737820969536898, 45.16821275101969], [19.73542261235053, 45.16365976802969], [19.740030097457378, 45.16004104648128], [19.74703588922097, 45.160975135372375], [19.749434850806388, 45.16552803558267], [19.744827416304204, 45.16914692969631], [19.737820969536898, 45.16821275101969]]]}, "properties": {"pop": 1, "kontur": 1, "osm": 0, "osm_pop": 0, "osm_norm": 0}}, {"type": "Feature", "geometry": {"type": "Polygon", "coordinates": [[[19.77266084940662, 45.16015472204844], [19.77026067980719, 45.155601987756675], [19.77486637678208, 45.151981449575466], [19.781872191704384, 45.15291347316067], [19.78427296491856, 45.15746612431371], [19.77966731967077, 45.16108683503503], [19.77266084940662, 45.16015472204844]]]}, "properties": {"pop": 9, "kontur": 12, "osm": 0, "osm_pop": 0, "osm_norm": 0}}, {"type": "Feature", "geometry": {"type": "Polygon", "coordinates": [[[19.740030097457378, 45.16004104648128], [19.737631850058065, 45.15548772012967], [19.74223879011125, 45.15186856544809], [19.749243926972433, 45.1528025645714], [19.751642778607838, 45.15735580812932], [19.74703588922097, 45.160975135372375], [19.740030097457378, 45.16004104648128]]]}, "properties": {"pop": 6, "kontur": 8, "osm": 0, "osm_pop": 0, "osm_norm": 0}}, {"type": "Feature", "geometry": {"type": "Polygon", "coordinates": [[[19.686930421528256, 45.19527555432866], [19.684534266311683, 45.19072292861331], [19.689145221893252, 45.18710749915874], [19.696152283783732, 45.18804452282919], [19.69854904477005, 45.19259706627187], [19.69393813817112, 45.196212668331604], [19.686930421528256, 45.19527555432866]]]}, "properties": {"pop": 83, "kontur": 107, "osm": 0, "osm_pop": 0, "osm_norm": 0}}, {"type": "Feature", "geometry": {"type": "Polygon", "coordinates": [[[19.705188536667666, 45.16808899566838], [19.70279210354314, 45.16353542165448], [19.70740082866044, 45.15991808453153], [19.714405937433575, 45.16085414885149], [19.71680297557732, 45.16540764043117], [19.71219430000362, 45.169025150139944], [19.705188536667666, 45.16808899566838]]]}, "properties": {"pop": 2, "kontur": 3, "osm": 0, "osm_pop": 0, "osm_norm": 0}}, {"type": "Feature", "geometry": {"type": "Polygon", "coordinates": [[[19.67255760974179, 45.167955953458815], [19.670163102058517, 45.163401789536316], [19.67477306407769, 45.159785837474146], [19.68177748537239, 45.16072387674358], [19.68417259869384, 45.16527795857755], [19.67956268515724, 45.16889408324547], [19.67255760974179, 45.167955953458815]]]}, "properties": {"pop": 1, "kontur": 1, "osm": 0, "osm_pop": 0, "osm_norm": 0}}, {"type": "Feature", "geometry": {"type": "Polygon", "coordinates": [[[19.89570554477822, 45.26951410076032], [19.893294924155086, 45.2649687380621], [19.897902052583166, 45.261347516733466], [19.90491974583387, 45.26227148562824], [19.907330969325052, 45.26681676376696], [19.9027238967732, 45.27043815758512], [19.89570554477822, 45.26951410076032]]]}, "properties": {"pop": 8, "kontur": 10, "osm": 0, "osm_pop": 0, "osm_norm": 0}}, {"type": "Feature", "geometry": {"type": "Polygon", "coordinates": [[[19.91676126057259, 45.272284978311966], [19.91434932178363, 45.267740130227864], [19.918955791820014, 45.264118130733856], [19.925974144154907, 45.26504080686376], [19.928386685446483, 45.26958557016424], [19.923780271976366, 45.27320774213311], [19.91676126057259, 45.272284978311966]]]}, "properties": {"pop": 5, "kontur": 6, "osm": 38, "osm_pop": 29, "osm_norm": 22}}, {"type": "Feature", "geometry": {"type": "Polygon", "coordinates": [[[19.905135232795203, 45.27498309033403], [19.9027238967732, 45.27043815758512], [19.907330969325052, 45.26681676376696], [19.91434932178363, 45.267740130227864], [19.91676126057259, 45.272284978311966], [19.91215424421181, 45.27590654461467], [19.905135232795203, 45.27498309033403]]]}, "properties": {"pop": 1, "kontur": 1, "osm": 0, "osm_pop": 0, "osm_norm": 0}}, {"type": "Feature", "geometry": {"type": "Polygon", "coordinates": [[[19.90952627212164, 45.25864965861421], [19.90711516117098, 45.25410403520505], [19.911721141307044, 45.250481775132755], [19.918738176157884, 45.25140496600887], [19.921149889549408, 45.25595050472589], [19.91654396572497, 45.25957293727361], [19.90952627212164, 45.25864965861421]]]}, "properties": {"pop": 1, "kontur": 1, "osm": 0, "osm_pop": 0, "osm_norm": 0}}, {"type": "Feature", "geometry": {"type": "Polygon", "coordinates": [[[19.897902052583166, 45.261347516733466], [19.89549154433747, 45.25680180875107], [19.900098126561826, 45.253180154222036], [19.90711516117098, 45.25410403520505], [19.90952627212164, 45.25864965861421], [19.90491974583387, 45.26227148562824], [19.897902052583166, 45.261347516733466]]]}, "properties": {"pop": 64, "kontur": 82, "osm": 10, "osm_pop": 8, "osm_norm": 6}}, {"type": "Feature", "geometry": {"type": "Polygon", "coordinates": [[[19.945060379242655, 45.28868342285028], [19.94264629424767, 45.284139866194586], [19.947252593640005, 45.28051734929118], [19.954272920591436, 45.281438216598595], [19.956687607784282, 45.28598168815523], [19.952081365903748, 45.2896043775182], [19.945060379242655, 45.28868342285028]]]}, "properties": {"pop": 1, "kontur": 1, "osm": 0, "osm_pop": 0, "osm_norm": 0}}, {"type": "Feature", "geometry": {"type": "Polygon", "coordinates": [[[19.966123995011163, 45.291444992665], [19.963708592414406, 45.28690195211087], [19.968314229955745, 45.28327865726332], [19.975335211967337, 45.284198230540234], [19.97775121639495, 45.288741185771634], [19.973145637056135, 45.29236465306349], [19.966123995011163, 45.291444992665]]]}, "properties": {"pop": 102, "kontur": 131, "osm": 0, "osm_pop": 0, "osm_norm": 0}}, {"type": "Feature", "geometry": {"type": "Polygon", "coordinates": [[[19.954496166404542, 45.29414750327644], [19.952081365903748, 45.2896043775182], [19.956687607784282, 45.28598168815523], [19.963708592414406, 45.28690195211087], [19.966123995011163, 45.291444992665], [19.961517810957808, 45.2950678544823], [19.954496166404542, 45.29414750327644]]]}, "properties": {"pop": 386, "kontur": 497, "osm": 0, "osm_pop": 0, "osm_norm": 0}}, {"type": "Feature", "geometry": {"type": "Polygon", "coordinates": [[[19.95887861601982, 45.277815094200626], [19.956464042144393, 45.27327127696467], [19.961069191233197, 45.26964772166914], [19.968088856326517, 45.27056781117937], [19.970504031971924, 45.275111543183996], [19.965898940829977, 45.27873527092437], [19.95887861601982, 45.277815094200626]]]}, "properties": {"pop": 5, "kontur": 6, "osm": 0, "osm_pop": 0, "osm_norm": 0}}, {"type": "Feature", "geometry": {"type": "Polygon", "coordinates": [[[19.968314229955745, 45.28327865726332], [19.965898940829977, 45.27873527092437], [19.970504031971924, 45.275111543183996], [19.977524354053358, 45.276031029357725], [19.979940244847043, 45.280574330360366], [19.975335211967337, 45.284198230540234], [19.968314229955745, 45.28327865726332]]]}, "properties": {"pop": 46, "kontur": 59, "osm": 0, "osm_pop": 0, "osm_norm": 0}}, {"type": "Feature", "geometry": {"type": "Polygon", "coordinates": [[[19.956687607784282, 45.28598168815523], [19.954272920591436, 45.281438216598595], [19.95887861601982, 45.277815094200626], [19.965898940829977, 45.27873527092437], [19.968314229955745, 45.28327865726332], [19.963708592414406, 45.28690195211087], [19.956687607784282, 45.28598168815523]]]}, "properties": {"pop": 5, "kontur": 6, "osm": 0, "osm_pop": 0, "osm_norm": 0}}, {"type": "Feature", "geometry": {"type": "Polygon", "coordinates": [[[19.933432545241153, 45.291383861162814], [19.931019062708874, 45.28684021952678], [19.9356259657424, 45.28321830827004], [19.94264629424767, 45.284139866194586], [19.945060379242655, 45.28868342285028], [19.94045353334557, 45.29230550657644], [19.933432545241153, 45.291383861162814]]]}, "properties": {"pop": 69, "kontur": 89, "osm": 35, "osm_pop": 27, "osm_norm": 21}}, {"type": "Feature", "geometry": {"type": "Polygon", "coordinates": [[[19.92619292611531, 45.27775215995183], [19.923780271976366, 45.27320774213311], [19.928386685446483, 45.26958557016424], [19.935405696250076, 45.27050764355891], [19.93781895279022, 45.27505197648879], [19.93321259620141, 45.278674320927486], [19.92619292611531, 45.27775215995183]]]}, "properties": {"pop": 1, "kontur": 1, "osm": 0, "osm_pop": 0, "osm_norm": 0}}, {"type": "Feature", "geometry": {"type": "Polygon", "coordinates": [[[19.91456629568506, 45.280451047203385], [19.91215424421181, 45.27590654461467], [19.91676126057259, 45.272284978311966], [19.923780271976366, 45.27320774213311], [19.92619292611531, 45.27775215995183], [19.92158596626059, 45.28137389873406], [19.91456629568506, 45.280451047203385]]]}, "properties": {"pop": 182, "kontur": 234, "osm": 208, "osm_pop": 161, "osm_norm": 123}}, {"type": "Feature", "geometry": {"type": "Polygon", "coordinates": [[[19.9356259657424, 45.28321830827004], [19.93321259620141, 45.278674320927486], [19.93781895279022, 45.27505197648879], [19.9448386217994, 45.275973446942594], [19.947252593640005, 45.28051734929118], [19.94264629424767, 45.284139866194586], [19.9356259657424, 45.28321830827004]]]}, "properties": {"pop": 1, "kontur": 1, "osm": 0, "osm_pop": 0, "osm_norm": 0}}, {"type": "Feature", "geometry": {"type": "Polygon", "coordinates": [[[19.9465865688877, 45.242378865614114], [19.9441737644461, 45.2378331515279], [19.948777390498332, 45.23420864324318], [19.955793763571865, 45.23512967661778], [19.95820716949855, 45.23967530564171], [19.953603600942444, 45.24329998636797], [19.9465865688877, 45.242378865614114]]]}, "properties": {"pop": 1, "kontur": 1, "osm": 0, "osm_pop": 0, "osm_norm": 0}}, {"type": "Feature", "geometry": {"type": "Polygon", "coordinates": [[[19.911721141307044, 45.250481775132755], [19.909310142906538, 45.2459358065725], [19.913915577003262, 45.24231311357951], [19.920931953204388, 45.24323621669059], [19.923343553882784, 45.24778210054501], [19.918738176157884, 45.25140496600887], [19.911721141307044, 45.250481775132755]]]}, "properties": {"pop": 10, "kontur": 13, "osm": 0, "osm_pop": 0, "osm_norm": 0}}, {"type": "Feature", "geometry": {"type": "Polygon", "coordinates": [[[19.921149889549408, 45.25595050472589], [19.918738176157884, 45.25140496600887], [19.923343553882784, 45.24778210054501], [19.930360588388396, 45.24870460134717], [19.932772903956568, 45.25325005525324], [19.928167582918256, 45.256873093182804], [19.921149889549408, 45.25595050472589]]]}, "properties": {"pop": 28, "kontur": 36, "osm": 33, "osm_pop": 25, "osm_norm": 20}}, {"type": "Feature", "geometry": {"type": "Polygon", "coordinates": [[[19.925536784942082, 45.23961291844835], [19.923125296986388, 45.23506668957603], [19.92772958284926, 45.23144295869316], [19.93474529993686, 45.23236528424057], [19.937157389743444, 45.236911428274475], [19.932553160687306, 45.24053533161401], [19.925536784942082, 45.23961291844835]]]}, "properties": {"pop": 5, "kontur": 6, "osm": 13, "osm_pop": 10, "osm_norm": 8}}, {"type": "Feature", "geometry": {"type": "Polygon", "coordinates": [[[19.913915577003262, 45.24231311357951], [19.911504691162584, 45.237766799987675], [19.91610957933229, 45.2341436742118], [19.923125296986388, 45.23506668957603], [19.925536784942082, 45.23961291844835], [19.920931953204388, 45.24323621669059], [19.913915577003262, 45.24231311357951]]]}, "properties": {"pop": 7, "kontur": 9, "osm": 0, "osm_pop": 0, "osm_norm": 0}}, {"type": "Feature", "geometry": {"type": "Polygon", "coordinates": [[[19.923343553882784, 45.24778210054501], [19.920931953204388, 45.24323621669059], [19.925536784942082, 45.23961291844835], [19.932553160687306, 45.24053533161401], [19.93496536337944, 45.24508113064375], [19.930360588388396, 45.24870460134717], [19.923343553882784, 45.24778210054501]]]}, "properties": {"pop": 29, "kontur": 37, "osm": 126, "osm_pop": 98, "osm_norm": 75}}, {"type": "Feature", "geometry": {"type": "Polygon", "coordinates": [[[19.961069191233197, 45.26964772166914], [19.958654730684586, 45.26510355887308], [19.96325933354633, 45.261479570817556], [19.970278339025963, 45.262399573132626], [19.972693401181616, 45.266943650683714], [19.968088856326517, 45.27056781117937], [19.961069191233197, 45.26964772166914]]]}, "properties": {"pop": 8, "kontur": 10, "osm": 0, "osm_pop": 0, "osm_norm": 0}}, {"type": "Feature", "geometry": {"type": "Polygon", "coordinates": [[[19.982128840586554, 45.27240669642732], [19.979713063436172, 45.267863049772615], [19.984317003735413, 45.26423828422928], [19.991336662564077, 45.26515699293066], [19.993753040954324, 45.26970055411686], [19.989149159352042, 45.27332549208481], [19.982128840586554, 45.27240669642732]]]}, "properties": {"pop": 1, "kontur": 1, "osm": 0, "osm_pop": 0, "osm_norm": 0}}, {"type": "Feature", "geometry": {"type": "Polygon", "coordinates": [[[19.984317003735413, 45.26423828422928], [19.981901340237624, 45.25969429204173], [19.98650473441546, 45.25606909402313], [19.99352373341058, 45.25698771578681], [19.99593999798544, 45.261531622492164], [19.991336662564077, 45.26515699293066], [19.984317003735413, 45.26423828422928]]]}, "properties": {"pop": 1, "kontur": 1, "osm": 0, "osm_pop": 0, "osm_norm": 0}}, {"type": "Feature", "geometry": {"type": "Polygon", "coordinates": [[[19.972693401181616, 45.266943650683714], [19.970278339025963, 45.262399573132626], [19.974882337706784, 45.258774980019325], [19.981901340237624, 45.25969429204173], [19.984317003735413, 45.26423828422928], [19.979713063436172, 45.267863049772615], [19.972693401181616, 45.266943650683714]]]}, "properties": {"pop": 6, "kontur": 8, "osm": 0, "osm_pop": 0, "osm_norm": 0}}, {"type": "Feature", "geometry": {"type": "Polygon", "coordinates": [[[19.928386685446483, 45.26958557016424], [19.925974144154907, 45.26504080686376], [19.930580011352912, 45.26141820184573], [19.9375983629769, 45.262340187677694], [19.94001150650666, 45.26688486607573], [19.935405696250076, 45.27050764355891], [19.928386685446483, 45.26958557016424]]]}, "properties": {"pop": 1, "kontur": 1, "osm": 5, "osm_pop": 4, "osm_norm": 3}}, {"type": "Feature", "geometry": {"type": "Polygon", "coordinates": [[[19.949444374799487, 45.272350496999415], [19.94703051612278, 45.26780624907708], [19.95163572284317, 45.26418286623163], [19.958654730684586, 45.26510355887308], [19.961069191233197, 45.26964772166914], [19.956464042144393, 45.27327127696467], [19.949444374799487, 45.272350496999415]]]}, "properties": {"pop": 7, "kontur": 9, "osm": 0, "osm_pop": 0, "osm_norm": 0}}, {"type": "Feature", "geometry": {"type": "Polygon", "coordinates": [[[19.96174222584873, 45.30777532640955], [19.959326596338208, 45.30323297778214], [19.963933327016186, 45.2996105491325], [19.970955629197764, 45.300530296670956], [19.973371860865264, 45.30507256000274], [19.968765188270236, 45.30869516110635], [19.96174222584873, 45.30777532640955]]]}, "properties": {"pop": 1, "kontur": 1, "osm": 0, "osm_pop": 0, "osm_norm": 0}}, {"type": "Feature", "geometry": {"type": "Polygon", "coordinates": [[[19.963933327016186, 45.2996105491325], [19.961517810957808, 45.2950678544823], [19.966123995011163, 45.291444992665], [19.973145637056135, 45.29236465306349], [19.975561755108362, 45.29690726240456], [19.970955629197764, 45.300530296670956], [19.963933327016186, 45.2996105491325]]]}, "properties": {"pop": 47, "kontur": 61, "osm": 0, "osm_pop": 0, "osm_norm": 0}}, {"type": "Feature", "geometry": {"type": "Polygon", "coordinates": [[[19.97775121639495, 45.288741185771634], [19.975335211967337, 45.284198230540234], [19.979940244847043, 45.280574330360366], [19.98696122365264, 45.28149321299234], [19.98937782964592, 45.286036082782445], [19.98477285534396, 45.28966015539649], [19.97775121639495, 45.288741185771634]]]}, "properties": {"pop": 660, "kontur": 850, "osm": 0, "osm_pop": 0, "osm_norm": 0}}, {"type": "Feature", "geometry": {"type": "Polygon", "coordinates": [[[19.998816786155526, 45.291496800034736], [19.9963994649114, 45.28695436166758], [20.0010038338543, 45.28332968388385], [20.008025464848803, 45.28424727206338], [20.010443387290717, 45.288789624765826], [20.00583907761642, 45.29241447496807], [19.998816786155526, 45.291496800034736]]]}, "properties": {"pop": 68, "kontur": 88, "osm": 0, "osm_pop": 0, "osm_norm": 0}}, {"type": "Feature", "geometry": {"type": "Polygon", "coordinates": [[[19.987189575124848, 45.29420267930984], [19.98477285534396, 45.28966015539649], [19.98937782964592, 45.286036082782445], [19.9963994649114, 45.28695436166758], [19.998816786155526, 45.291496800034736], [19.994211870746987, 45.29512104507759], [19.987189575124848, 45.29420267930984]]]}, "properties": {"pop": 26, "kontur": 33, "osm": 0, "osm_pop": 0, "osm_norm": 0}}, {"type": "Feature", "geometry": {"type": "Polygon", "coordinates": [[[19.991565651548452, 45.27786870763255], [19.989149159352042, 45.27332549208481], [19.993753040954324, 45.26970055411686], [20.000773355816666, 45.270618659292126], [20.003190449150562, 45.275161789266456], [19.998586626560673, 45.27878689965355], [19.991565651548452, 45.27786870763255]]]}, "properties": {"pop": 502, "kontur": 647, "osm": 0, "osm_pop": 0, "osm_norm": 0}}, {"type": "Feature", "geometry": {"type": "Polygon", "coordinates": [[[19.979940244847043, 45.280574330360366], [19.977524354053358, 45.276031029357725], [19.982128840586554, 45.27240669642732], [19.989149159352042, 45.27332549208481], [19.991565651548452, 45.27786870763255], [19.98696122365264, 45.28149321299234], [19.979940244847043, 45.280574330360366]]]}, "properties": {"pop": 747, "kontur": 962, "osm": 0, "osm_pop": 0, "osm_norm": 0}}, {"type": "Feature", "geometry": {"type": "Polygon", "coordinates": [[[19.98937782964592, 45.286036082782445], [19.98696122365264, 45.28149321299234], [19.991565651548452, 45.27786870763255], [19.998586626560673, 45.27878689965355], [20.0010038338543, 45.28332968388385], [19.9963994649114, 45.28695436166758], [19.98937782964592, 45.286036082782445]]]}, "properties": {"pop": 1513, "kontur": 1949, "osm": 0, "osm_pop": 0, "osm_norm": 0}}, {"type": "Feature", "geometry": {"type": "Polygon", "coordinates": [[[19.911071993331607, 45.212331673396314], [19.90866215955406, 45.207783896218835], [19.913265466914368, 45.20415964537978], [19.920278551829906, 45.20508299927454], [19.922688987335206, 45.209630691796235], [19.918085736272843, 45.21325511509362], [19.911071993331607, 45.212331673396314]]]}, "properties": {"pop": 292, "kontur": 376, "osm": 619, "osm_pop": 481, "osm_norm": 366}}, {"type": "Feature", "geometry": {"type": "Polygon", "coordinates": [[[19.932113879694725, 45.215100707237355], [19.929702729964532, 45.210553444029316], [19.934305378876644, 45.20692841605213], [19.941319120607982, 45.20785047885417], [19.94373087170087, 45.21239765718239], [19.939128279775403, 45.216022857602965], [19.932113879694725, 45.215100707237355]]]}, "properties": {"pop": 6, "kontur": 8, "osm": 7, "osm_pop": 5, "osm_norm": 4}}, {"type": "Feature", "geometry": {"type": "Polygon", "coordinates": [[[19.920496284376398, 45.21780246306252], [19.918085736272843, 45.21325511509362], [19.922688987335206, 45.209630691796235], [19.929702729964532, 45.210553444029316], [19.932113879694725, 45.215100707237355], [19.927510685244624, 45.218725302987785], [19.920496284376398, 45.21780246306252]]]}, "properties": {"pop": 16, "kontur": 21, "osm": 56, "osm_pop": 44, "osm_norm": 33}}, {"type": "Feature", "geometry": {"type": "Polygon", "coordinates": [[[19.924881257414295, 45.20145814374601], [19.9224709345168, 45.19691010679141], [19.927073094735384, 45.19328481916987], [19.93408552119485, 45.19420739607321], [19.936496445393697, 45.19875534823924], [19.93189434190736, 45.202380808305136], [19.924881257414295, 45.20145814374601]]]}, "properties": {"pop": 932, "kontur": 1199, "osm": 3094, "osm_pop": 2405, "osm_norm": 1832}}, {"type": "Feature", "geometry": {"type": "Polygon", "coordinates": [[[19.913265466914368, 45.20415964537978], [19.91085574558197, 45.19961152375556], [19.91545850752441, 45.19598684068105], [19.9224709345168, 45.19691010679141], [19.924881257414295, 45.20145814374601], [19.920278551829906, 45.20508299927454], [19.913265466914368, 45.20415964537978]]]}, "properties": {"pop": 227, "kontur": 292, "osm": 457, "osm_pop": 355, "osm_norm": 271}}, {"type": "Feature", "geometry": {"type": "Polygon", "coordinates": [[[19.934305378876644, 45.20692841605213], [19.93189434190736, 45.202380808305136], [19.936496445393697, 45.19875534823924], [19.943509528878455, 45.19967732349601], [19.945921167047796, 45.20422484634934], [19.941319120607982, 45.20785047885417], [19.934305378876644, 45.20692841605213]]]}, "properties": {"pop": 767, "kontur": 987, "osm": 5129, "osm_pop": 3986, "osm_norm": 3036}}, {"type": "Feature", "geometry": {"type": "Polygon", "coordinates": [[[19.922688987335206, 45.209630691796235], [19.920278551829906, 45.20508299927454], [19.924881257414295, 45.20145814374601], [19.93189434190736, 45.202380808305136], [19.934305378876644, 45.20692841605213], [19.929702729964532, 45.210553444029316], [19.922688987335206, 45.209630691796235]]]}, "properties": {"pop": 1011, "kontur": 1301, "osm": 4849, "osm_pop": 3769, "osm_norm": 2870}}, {"type": "Feature", "geometry": {"type": "Polygon", "coordinates": [[[19.94154014378235, 45.22056969128615], [19.939128279775403, 45.216022857602965], [19.94373087170087, 45.21239765718239], [19.9507452704079, 45.213319118021715], [19.953157735676108, 45.217865866720096], [19.94855520105176, 45.22149123957859], [19.94154014378235, 45.22056969128615]]]}, "properties": {"pop": 4, "kontur": 5, "osm": 0, "osm_pop": 0, "osm_norm": 0}}, {"type": "Feature", "geometry": {"type": "Polygon", "coordinates": [[[19.950967779387202, 45.22603764352594], [19.94855520105176, 45.22149123957859], [19.953157735676108, 45.217865866720096], [19.960172791095975, 45.218786725391034], [19.962585970591082, 45.22333304424855], [19.957983493582446, 45.226958589539564], [19.950967779387202, 45.22603764352594]]]}, "properties": {"pop": 10, "kontur": 13, "osm": 0, "osm_pop": 0, "osm_norm": 0}}, {"type": "Feature", "geometry": {"type": "Polygon", "coordinates": [[[19.973525408718796, 45.18246379896489], [19.97111279546675, 45.17791575762084], [19.97571200052817, 45.17428762195042], [19.98272376062957, 45.175207355238186], [19.98513697396457, 45.179755311304206], [19.98053782719094, 45.18338361937517], [19.973525408718796, 45.18246379896489]]]}, "properties": {"pop": 145, "kontur": 186, "osm": 0, "osm_pop": 0, "osm_norm": 0}}, {"type": "Feature", "geometry": {"type": "Polygon", "coordinates": [[[19.961913237266298, 45.18517099376828], [19.95950122436132, 45.180622867265], [19.964101032380697, 45.17699533538928], [19.97111279546675, 45.17791575762084], [19.973525408718796, 45.18246379896489], [19.96892565861343, 45.18609150325121], [19.961913237266298, 45.18517099376828]]]}, "properties": {"pop": 158, "kontur": 203, "osm": 0, "osm_pop": 0, "osm_norm": 0}}, {"type": "Feature", "geometry": {"type": "Polygon", "coordinates": [[[19.927073094735384, 45.19328481916987], [19.924662884455284, 45.188736437902335], [19.929264499420213, 45.18511071832605], [19.936276267948703, 45.18603320759183], [19.938687079367607, 45.19058150405685], [19.93408552119485, 45.19420739607321], [19.927073094735384, 45.19328481916987]]]}, "properties": {"pop": 464, "kontur": 597, "osm": 0, "osm_pop": 0, "osm_norm": 0}}, {"type": "Feature", "geometry": {"type": "Polygon", "coordinates": [[[19.948111029944823, 45.196051259045056], [19.945699504708475, 45.191503391786526], [19.95030046051361, 45.18787689552767], [19.95731288415035, 45.18879809411716], [19.959725010160234, 45.19334587634923], [19.955124111835534, 45.19697254503288], [19.948111029944823, 45.196051259045056]]]}, "properties": {"pop": 151, "kontur": 194, "osm": 0, "osm_pop": 0, "osm_norm": 0}}, {"type": "Feature", "geometry": {"type": "Polygon", "coordinates": [[[19.936496445393697, 45.19875534823924], [19.93408552119485, 45.19420739607321], [19.938687079367607, 45.19058150405685], [19.945699504708475, 45.191503391786526], [19.948111029944823, 45.196051259045056], [19.943509528878455, 45.19967732349601], [19.936496445393697, 45.19875534823924]]]}, "properties": {"pop": 1029, "kontur": 1324, "osm": 20, "osm_pop": 16, "osm_norm": 12}}, {"type": "Feature", "geometry": {"type": "Polygon", "coordinates": [[[19.940877280920056, 45.18240688376326], [19.938466582290573, 45.177858243119324], [19.943067050172637, 45.17423148761694], [19.9500781595338, 45.17515320034709], [19.95248945887581, 45.179701756055664], [19.947889048219714, 45.18332868398407], [19.940877280920056, 45.18240688376326]]]}, "properties": {"pop": 29, "kontur": 37, "osm": 0, "osm_pop": 0, "osm_norm": 0}}, {"type": "Feature", "geometry": {"type": "Polygon", "coordinates": [[[19.929264499420213, 45.18511071832605], [19.926854401767034, 45.18056199286568], [19.931455471590457, 45.17693584147292], [19.938466582290573, 45.177858243119324], [19.940877280920056, 45.18240688376326], [19.936276267948703, 45.18603320759183], [19.929264499420213, 45.18511071832605]]]}, "properties": {"pop": 135, "kontur": 174, "osm": 0, "osm_pop": 0, "osm_norm": 0}}, {"type": "Feature", "geometry": {"type": "Polygon", "coordinates": [[[19.95030046051361, 45.18787689552767], [19.947889048219714, 45.18332868398407], [19.95248945887581, 45.179701756055664], [19.95950122436132, 45.180622867265], [19.961913237266298, 45.18517099376828], [19.95731288415035, 45.18879809411716], [19.95030046051361, 45.18787689552767]]]}, "properties": {"pop": 153, "kontur": 197, "osm": 0, "osm_pop": 0, "osm_norm": 0}}, {"type": "Feature", "geometry": {"type": "Polygon", "coordinates": [[[19.938687079367607, 45.19058150405685], [19.936276267948703, 45.18603320759183], [19.940877280920056, 45.18240688376326], [19.947889048219714, 45.18332868398407], [19.95030046051361, 45.18787689552767], [19.945699504708475, 45.191503391786526], [19.938687079367607, 45.19058150405685]]]}, "properties": {"pop": 113, "kontur": 145, "osm": 0, "osm_pop": 0, "osm_norm": 0}}, {"type": "Feature", "geometry": {"type": "Polygon", "coordinates": [[[19.94373087170087, 45.21239765718239], [19.941319120607982, 45.20785047885417], [19.945921167047796, 45.20422484634934], [19.952934907295262, 45.205146219753814], [19.955347259486796, 45.209693313083335], [19.9507452704079, 45.213319118021715], [19.94373087170087, 45.21239765718239]]]}, "properties": {"pop": 9, "kontur": 12, "osm": 0, "osm_pop": 0, "osm_norm": 0}}, {"type": "Feature", "geometry": {"type": "Polygon", "coordinates": [[[19.964774722499406, 45.21516074802459], [19.96236165623416, 45.210614084429885], [19.96696304214469, 45.206987675126115], [19.973977436346498, 45.207907757013565], [19.976391103344415, 45.21245433538585], [19.97178977548363, 45.2160809171077], [19.964774722499406, 45.21516074802459]]]}, "properties": {"pop": 21, "kontur": 27, "osm": 0, "osm_pop": 0, "osm_norm": 0}}, {"type": "Feature", "geometry": {"type": "Polygon", "coordinates": [[[19.945921167047796, 45.20422484634934], [19.943509528878455, 45.19967732349601], [19.948111029944823, 45.196051259045056], [19.955124111835534, 45.19697254503288], [19.95753635094095, 45.20151998287367], [19.952934907295262, 45.205146219753814], [19.945921167047796, 45.20422484634934]]]}, "properties": {"pop": 8, "kontur": 10, "osm": 0, "osm_pop": 0, "osm_norm": 0}}, {"type": "Feature", "geometry": {"type": "Polygon", "coordinates": [[[19.99593999798544, 45.261531622492164], [19.99352373341058, 45.25698771578681], [19.998126522763588, 45.25336191301554], [20.005145517636162, 45.2542798445546], [20.007562383022957, 45.25882366565924], [20.002959652801227, 45.26244964084017], [19.99593999798544, 45.261531622492164]]]}, "properties": {"pop": 2, "kontur": 3, "osm": 0, "osm_pop": 0, "osm_norm": 0}}, {"type": "Feature", "geometry": {"type": "Polygon", "coordinates": [[[19.666977561732626, 45.26875301482084], [19.664580424977913, 45.26420348741854], [19.669196294870574, 45.26059196994367], [19.67620925317227, 45.26152980724493], [19.67860699716875, 45.26607925249831], [19.673991175696845, 45.269690942614226], [19.666977561732626, 45.26875301482084]]]}, "properties": {"pop": 3, "kontur": 4, "osm": 0, "osm_pop": 0, "osm_norm": 0}}, {"type": "Feature", "geometry": {"type": "Polygon", "coordinates": [[[19.67638902886311, 45.27424004302662], [19.673991175696845, 45.269690942614226], [19.67860699716875, 45.26607925249831], [19.685620623147926, 45.26701649017227], [19.68801908345828, 45.27156550832962], [19.683403310720475, 45.2751773710829], [19.67638902886311, 45.27424004302662]]]}, "properties": {"pop": 20, "kontur": 26, "osm": 0, "osm_pop": 0, "osm_norm": 0}}, {"type": "Feature", "geometry": {"type": "Polygon", "coordinates": [[[19.680824528099556, 45.25791768191934], [19.678426893283632, 45.253367891944315], [19.6830416217783, 45.249755331546176], [19.690053936304945, 45.25069238850888], [19.692452177937454, 45.25524209620158], [19.687837498301853, 45.2588548292288], [19.680824528099556, 45.25791768191934]]]}, "properties": {"pop": 60, "kontur": 77, "osm": 0, "osm_pop": 0, "osm_norm": 0}}, {"type": "Feature", "geometry": {"type": "Polygon", "coordinates": [[[19.669196294870574, 45.26059196994367], [19.66679926713263, 45.25604209780606], [19.671414590543293, 45.25243014511744], [19.678426893283632, 45.253367891944315], [19.680824528099556, 45.25791768191934], [19.67620925317227, 45.26152980724493], [19.669196294870574, 45.26059196994367]]]}, "properties": {"pop": 18, "kontur": 23, "osm": 0, "osm_pop": 0, "osm_norm": 0}}, {"type": "Feature", "geometry": {"type": "Polygon", "coordinates": [[[19.69023584927863, 45.2634041922135], [19.687837498301853, 45.2588548292288], [19.692452177937454, 45.25524209620158], [19.699465159452664, 45.25617855354863], [19.70186411714818, 45.26072783414495], [19.69724948668491, 45.264340739797426], [19.69023584927863, 45.2634041922135]]]}, "properties": {"pop": 295, "kontur": 380, "osm": 0, "osm_pop": 0, "osm_norm": 0}}, {"type": "Feature", "geometry": {"type": "Polygon", "coordinates": [[[19.67860699716875, 45.26607925249831], [19.67620925317227, 45.26152980724493], [19.680824528099556, 45.25791768191934], [19.687837498301853, 45.2588548292288], [19.69023584927863, 45.2634041922135], [19.685620623147926, 45.26701649017227], [19.67860699716875, 45.26607925249831]]]}, "properties": {"pop": 14, "kontur": 18, "osm": 0, "osm_pop": 0, "osm_norm": 0}}, {"type": "Feature", "geometry": {"type": "Polygon", "coordinates": [[[19.737313202406444, 45.29082133137914], [19.734911269799685, 45.28627410652149], [19.739525700438474, 45.28266051040658], [19.746542013018768, 45.28359396655829], [19.748944551852677, 45.28814110849768], [19.74433017195448, 45.291754877218395], [19.737313202406444, 45.29082133137914]]]}, "properties": {"pop": 1189, "kontur": 1533, "osm": 5732, "osm_pop": 4447, "osm_norm": 3393}}, {"type": "Feature", "geometry": {"type": "Polygon", "coordinates": [[[19.72568126446969, 45.29350025602819], [19.723279938352473, 45.288952948371744], [19.727894966162122, 45.28533995991802], [19.734911269799685, 45.28627410652149], [19.737313202406444, 45.29082133137914], [19.732698224961393, 45.294434492446946], [19.72568126446969, 45.29350025602819]]]}, "properties": {"pop": 1013, "kontur": 1306, "osm": 1868, "osm_pop": 1449, "osm_norm": 1106}}, {"type": "Feature", "geometry": {"type": "Polygon", "coordinates": [[[19.718478112523144, 45.27985755985167], [19.716077612733063, 45.27530947910844], [19.720692143911393, 45.2716962282169], [19.727707124842176, 45.2726308854698], [19.730108231056516, 45.27717888350661], [19.725493749991067, 45.28079230701182], [19.718478112523144, 45.27985755985167]]]}, "properties": {"pop": 1, "kontur": 1, "osm": 0, "osm_pop": 0, "osm_norm": 0}}, {"type": "Feature", "geometry": {"type": "Polygon", "coordinates": [[[19.739525700438474, 45.28266051040658], [19.73712387794163, 45.278112940312724], [19.741737761886316, 45.274498909287615], [19.74875341760064, 45.27543227576975], [19.751155846160927, 45.279979762931795], [19.746542013018768, 45.28359396655829], [19.739525700438474, 45.28266051040658]]]}, "properties": {"pop": 1, "kontur": 1, "osm": 0, "osm_pop": 0, "osm_norm": 0}}, {"type": "Feature", "geometry": {"type": "Polygon", "coordinates": [[[19.727894966162122, 45.28533995991802], [19.725493749991067, 45.28079230701182], [19.730108231056516, 45.27717888350661], [19.73712387794163, 45.278112940312724], [19.739525700438474, 45.28266051040658], [19.734911269799685, 45.28627410652149], [19.727894966162122, 45.28533995991802]]]}, "properties": {"pop": 109, "kontur": 140, "osm": 361, "osm_pop": 280, "osm_norm": 214}}, {"type": "Feature", "geometry": {"type": "Polygon", "coordinates": [[[19.683584239842077, 45.28788579984931], [19.681185560896715, 45.2833374717044], [19.685801880353683, 45.27972604429359], [19.692816829846123, 45.28066277240473], [19.69521611600158, 45.28521101820207], [19.69059984552966, 45.28882261825073], [19.683584239842077, 45.28788579984931]]]}, "properties": {"pop": 9, "kontur": 12, "osm": 0, "osm_pop": 0, "osm_norm": 0}}, {"type": "Feature", "geometry": {"type": "Polygon", "coordinates": [[[19.70463173560374, 45.29069496433238], [19.702231732870853, 45.28614714616006], [19.706847407200108, 45.282534938143236], [19.713863034662772, 45.283470375687415], [19.716263644245796, 45.28801811128645], [19.711648019591273, 45.29163049192941], [19.70463173560374, 45.29069496433238]]]}, "properties": {"pop": 266, "kontur": 343, "osm": 0, "osm_pop": 0, "osm_norm": 0}}, {"type": "Feature", "geometry": {"type": "Polygon", "coordinates": [[[19.697432553536437, 45.277050737017795], [19.695033376856966, 45.27250214616824], [19.699648553877733, 45.26888967558001], [19.70666285822977, 45.26982562323048], [19.709062641693734, 45.27437413159922], [19.704447514096376, 45.27798677481316], [19.697432553536437, 45.277050737017795]]]}, "properties": {"pop": 98, "kontur": 126, "osm": 0, "osm_pop": 0, "osm_norm": 0}}, {"type": "Feature", "geometry": {"type": "Polygon", "coordinates": [[[19.685801880353683, 45.27972604429359], [19.683403310720475, 45.2751773710829], [19.68801908345828, 45.27156550832962], [19.695033376856966, 45.27250214616824], [19.697432553536437, 45.277050737017795], [19.692816829846123, 45.28066277240473], [19.685801880353683, 45.27972604429359]]]}, "properties": {"pop": 1, "kontur": 1, "osm": 0, "osm_pop": 0, "osm_norm": 0}}, {"type": "Feature", "geometry": {"type": "Polygon", "coordinates": [[[19.69521611600158, 45.28521101820207], [19.692816829846123, 45.28066277240473], [19.697432553536437, 45.277050737017795], [19.704447514096376, 45.27798677481316], [19.706847407200108, 45.282534938143236], [19.702231732870853, 45.28614714616006], [19.69521611600158, 45.28521101820207]]]}, "properties": {"pop": 19, "kontur": 24, "osm": 0, "osm_pop": 0, "osm_norm": 0}}, {"type": "Feature", "geometry": {"type": "Polygon", "coordinates": [[[19.715705723785085, 45.249887032400665], [19.71330626930407, 45.24533748963176], [19.717919211094454, 45.24172310700063], [19.72493155745537, 45.24265809454829], [19.727331617968083, 45.247207554675846], [19.722718726163386, 45.25082210991196], [19.715705723785085, 45.249887032400665]]]}, "properties": {"pop": 1779, "kontur": 2292, "osm": 0, "osm_pop": 0, "osm_norm": 0}}, {"type": "Feature", "geometry": {"type": "Polygon", "coordinates": [[[19.73674540617802, 45.25269097502731], [19.734344629896768, 45.24814194231407], [19.73895692510654, 45.244526779974116], [19.74596994599823, 45.24546047776949], [19.748371327950835, 45.25000942761585], [19.74375908341564, 45.25362476254853], [19.73674540617802, 45.25269097502731]]]}, "properties": {"pop": 2101, "kontur": 2706, "osm": 7802, "osm_pop": 6057, "osm_norm": 4619}}, {"type": "Feature", "geometry": {"type": "Polygon", "coordinates": [[[19.72511889651127, 45.25537122537251], [19.722718726163386, 45.25082210991196], [19.727331617968083, 45.247207554675846], [19.734344629896768, 45.24814194231407], [19.73674540617802, 45.25269097502731], [19.732132564672423, 45.256305702864424], [19.72511889651127, 45.25537122537251]]]}, "properties": {"pop": 336, "kontur": 433, "osm": 246, "osm_pop": 191, "osm_norm": 146}}, {"type": "Feature", "geometry": {"type": "Polygon", "coordinates": [[[19.72954390302624, 45.23904310480515], [19.72714395235914, 45.234493300130076], [19.731755751808198, 45.230877876017296], [19.73876745157645, 45.23181208400173], [19.741168007849932, 45.2363618059021], [19.736556258823946, 45.239977402607536], [19.72954390302624, 45.23904310480515]]]}, "properties": {"pop": 1601, "kontur": 2062, "osm": 4851, "osm_pop": 3767, "osm_norm": 2872}}, {"type": "Feature", "geometry": {"type": "Polygon", "coordinates": [[[19.717919211094454, 45.24172310700063], [19.71551986629556, 45.23717321967049], [19.72013226191422, 45.23355840252823], [19.72714395235914, 45.234493300130076], [19.72954390302624, 45.23904310480515], [19.72493155745537, 45.24265809454829], [19.717919211094454, 45.24172310700063]]]}, "properties": {"pop": 2554, "kontur": 3289, "osm": 0, "osm_pop": 0, "osm_norm": 0}}, {"type": "Feature", "geometry": {"type": "Polygon", "coordinates": [[[19.73895692510654, 45.244526779974116], [19.736556258823946, 45.239977402607536], [19.741168007849932, 45.2363618059021], [19.748180372497277, 45.23729541398947], [19.75058164428778, 45.2418447084755], [19.74596994599823, 45.24546047776949], [19.73895692510654, 45.244526779974116]]]}, "properties": {"pop": 205, "kontur": 264, "osm": 902, "osm_pop": 700, "osm_norm": 534}}, {"type": "Feature", "geometry": {"type": "Polygon", "coordinates": [[[19.727331617968083, 45.247207554675846], [19.72493155745537, 45.24265809454829], [19.72954390302624, 45.23904310480515], [19.736556258823946, 45.239977402607536], [19.73895692510654, 45.244526779974116], [19.734344629896768, 45.24814194231407], [19.727331617968083, 45.247207554675846]]]}, "properties": {"pop": 2224, "kontur": 2865, "osm": 4531, "osm_pop": 3518, "osm_norm": 2682}}, {"type": "Feature", "geometry": {"type": "Polygon", "coordinates": [[[19.6830416217783, 45.249755331546176], [19.68064409615362, 45.24520519696888], [19.68525827832761, 45.241592201635434], [19.692269937279853, 45.24252916826914], [19.694668069557437, 45.24707922055041], [19.690053936304945, 45.25069238850888], [19.6830416217783, 45.249755331546176]]]}, "properties": {"pop": 845, "kontur": 1089, "osm": 0, "osm_pop": 0, "osm_norm": 0}}, {"type": "Feature", "geometry": {"type": "Polygon", "coordinates": [[[19.704079243470463, 45.25256521296905], [19.70168039528289, 45.24801558767837], [19.706293932967217, 45.244401812308865], [19.71330626930407, 45.24533748963176], [19.715705723785085, 45.249887032400665], [19.711092235710975, 45.25350098038329], [19.704079243470463, 45.25256521296905]]]}, "properties": {"pop": 939, "kontur": 1210, "osm": 0, "osm_pop": 0, "osm_norm": 0}}, {"type": "Feature", "geometry": {"type": "Polygon", "coordinates": [[[19.692452177937454, 45.25524209620158], [19.690053936304945, 45.25069238850888], [19.694668069557437, 45.24707922055041], [19.70168039528289, 45.24801558767837], [19.704079243470463, 45.25256521296905], [19.699465159452664, 45.25617855354863], [19.692452177937454, 45.25524209620158]]]}, "properties": {"pop": 922, "kontur": 1188, "osm": 0, "osm_pop": 0, "osm_norm": 0}}, {"type": "Feature", "geometry": {"type": "Polygon", "coordinates": [[[19.696883524261178, 45.23891556551666], [19.694485501349202, 45.23436516876628], [19.69909854217128, 45.230751131357145], [19.70610955662115, 45.23168731810027], [19.708508185760998, 45.23623763242121], [19.703895194298195, 45.239851842443294], [19.696883524261178, 45.23891556551666]]]}, "properties": {"pop": 1424, "kontur": 1834, "osm": 0, "osm_pop": 0, "osm_norm": 0}}, {"type": "Feature", "geometry": {"type": "Polygon", "coordinates": [[[19.68525827832761, 45.241592201635434], [19.68286086190493, 45.23704172257535], [19.687474497870127, 45.23342829244382], [19.694485501349202, 45.23436516876628], [19.696883524261178, 45.23891556551666], [19.692269937279853, 45.24252916826914], [19.68525827832761, 45.241592201635434]]]}, "properties": {"pop": 1973, "kontur": 2541, "osm": 0, "osm_pop": 0, "osm_norm": 0}}, {"type": "Feature", "geometry": {"type": "Polygon", "coordinates": [[[19.706293932967217, 45.244401812308865], [19.703895194298195, 45.239851842443294], [19.708508185760998, 45.23623763242121], [19.71551986629556, 45.23717321967049], [19.717919211094454, 45.24172310700063], [19.71330626930407, 45.24533748963176], [19.706293932967217, 45.244401812308865]]]}, "properties": {"pop": 2466, "kontur": 3176, "osm": 0, "osm_pop": 0, "osm_norm": 0}}, {"type": "Feature", "geometry": {"type": "Polygon", "coordinates": [[[19.694668069557437, 45.24707922055041], [19.692269937279853, 45.24252916826914], [19.696883524261178, 45.23891556551666], [19.703895194298195, 45.239851842443294], [19.706293932967217, 45.244401812308865], [19.70168039528289, 45.24801558767837], [19.694668069557437, 45.24707922055041]]]}, "properties": {"pop": 1321, "kontur": 1702, "osm": 0, "osm_pop": 0, "osm_norm": 0}}, {"type": "Feature", "geometry": {"type": "Polygon", "coordinates": [[[19.753366704098955, 45.2718176373745], [19.75096438582269, 45.26726980510902], [19.755577125789312, 45.263654732082166], [19.7625921328674, 45.26458731874688], [19.764995056781068, 45.26913506794746], [19.760382368054575, 45.27275031356304], [19.753366704098955, 45.2718176373745]]]}, "properties": {"pop": 11, "kontur": 14, "osm": 0, "osm_pop": 0, "osm_norm": 0}}, {"type": "Feature", "geometry": {"type": "Polygon", "coordinates": [[[19.741737761886316, 45.274498909287615], [19.73933604950987, 45.26995099407671], [19.74394938687262, 45.266336528278586], [19.75096438582269, 45.26726980510902], [19.753366704098955, 45.2718176373745], [19.74875341760064, 45.27543227576975], [19.741737761886316, 45.274498909287615]]]}, "properties": {"pop": 3, "kontur": 4, "osm": 4, "osm_pop": 3, "osm_norm": 2}}, {"type": "Feature", "geometry": {"type": "Polygon", "coordinates": [[[19.74616057551995, 45.2581733676358], [19.74375908341564, 45.25362476254853], [19.748371327950835, 45.25000942761585], [19.75538501367748, 45.25094252519667], [19.757787111354517, 45.25549104731123], [19.753174917807456, 45.259106554832485], [19.74616057551995, 45.2581733676358]]]}, "properties": {"pop": 1345, "kontur": 1733, "osm": 4745, "osm_pop": 3683, "osm_norm": 2809}}, {"type": "Feature", "geometry": {"type": "Polygon", "coordinates": [[[19.755577125789312, 45.263654732082166], [19.753174917807456, 45.259106554832485], [19.757787111354517, 45.25549104731123], [19.764801461656848, 45.25642354447006], [19.767204275112572, 45.260971638641216], [19.7625921328674, 45.26458731874688], [19.755577125789312, 45.263654732082166]]]}, "properties": {"pop": 1798, "kontur": 2316, "osm": 7561, "osm_pop": 5869, "osm_norm": 4476}}, {"type": "Feature", "geometry": {"type": "Polygon", "coordinates": [[[19.74394938687262, 45.266336528278586], [19.741547784627016, 45.26178826806985], [19.74616057551995, 45.2581733676358], [19.753174917807456, 45.259106554832485], [19.755577125789312, 45.263654732082166], [19.75096438582269, 45.26726980510902], [19.74394938687262, 45.266336528278586]]]}, "properties": {"pop": 28, "kontur": 36, "osm": 0, "osm_pop": 0, "osm_norm": 0}}, {"type": "Feature", "geometry": {"type": "Polygon", "coordinates": [[[19.699648553877733, 45.26888967558001], [19.69724948668491, 45.264340739797426], [19.70186411714818, 45.26072783414495], [19.708877765393762, 45.2616636916684], [19.71127743920733, 45.26621254495656], [19.70666285822977, 45.26982562323048], [19.699648553877733, 45.26888967558001]]]}, "properties": {"pop": 395, "kontur": 509, "osm": 0, "osm_pop": 0, "osm_norm": 0}}, {"type": "Feature", "geometry": {"type": "Polygon", "coordinates": [[[19.720692143911393, 45.2716962282169], [19.71829175392485, 45.267147802448626], [19.72290573853322, 45.26353411663838], [19.72992006302841, 45.26446868400186], [19.732321059275563, 45.269017027050154], [19.727707124842176, 45.2726308854698], [19.720692143911393, 45.2716962282169]]]}, "properties": {"pop": 32, "kontur": 41, "osm": 0, "osm_pop": 0, "osm_norm": 0}}, {"type": "Feature", "geometry": {"type": "Polygon", "coordinates": [[[19.709062641693734, 45.27437413159922], [19.70666285822977, 45.26982562323048], [19.71127743920733, 45.26621254495656], [19.71829175392485, 45.267147802448626], [19.720692143911393, 45.2716962282169], [19.716077612733063, 45.27530947910844], [19.709062641693734, 45.27437413159922]]]}, "properties": {"pop": 14, "kontur": 18, "osm": 0, "osm_pop": 0, "osm_norm": 0}}, {"type": "Feature", "geometry": {"type": "Polygon", "coordinates": [[[19.70186411714818, 45.26072783414495], [19.699465159452664, 45.25617855354863], [19.704079243470463, 45.25256521296905], [19.711092235710975, 45.25350098038329], [19.713491799863586, 45.25805017847154], [19.708877765393762, 45.2616636916684], [19.70186411714818, 45.26072783414495]]]}, "properties": {"pop": 164, "kontur": 211, "osm": 0, "osm_pop": 0, "osm_norm": 0}}, {"type": "Feature", "geometry": {"type": "Polygon", "coordinates": [[[19.72290573853322, 45.26353411663838], [19.720505458360737, 45.2589853459643], [19.72511889651127, 45.25537122537251], [19.732132564672423, 45.256305702864424], [19.734533450941854, 45.26085439080488], [19.72992006302841, 45.26446868400186], [19.72290573853322, 45.26353411663838]]]}, "properties": {"pop": 8, "kontur": 10, "osm": 0, "osm_pop": 0, "osm_norm": 0}}, {"type": "Feature", "geometry": {"type": "Polygon", "coordinates": [[[19.71127743920733, 45.26621254495656], [19.708877765393762, 45.2616636916684], [19.713491799863586, 45.25805017847154], [19.720505458360737, 45.2589853459643], [19.72290573853322, 45.26353411663838], [19.71829175392485, 45.267147802448626], [19.71127743920733, 45.26621254495656]]]}, "properties": {"pop": 14, "kontur": 18, "osm": 0, "osm_pop": 0, "osm_norm": 0}}, {"type": "Feature", "geometry": {"type": "Polygon", "coordinates": [[[19.814310792018865, 45.288359155158474], [19.81190439885941, 45.283813203875205], [19.816515733208366, 45.28019622658037], [19.823533407544232, 45.28112502802939], [19.825940405417775, 45.2856708955864], [19.82132912431693, 45.289288045435384], [19.814310792018865, 45.288359155158474]]]}, "properties": {"pop": 5880, "kontur": 7577, "osm": 5926, "osm_pop": 4599, "osm_norm": 3508}}, {"type": "Feature", "geometry": {"type": "Polygon", "coordinates": [[[19.835366456168597, 45.29114453351454], [19.832958742293002, 45.286599095274404], [19.837569423144615, 45.28298133869102], [19.844587764009077, 45.283908847821806], [19.84699608223528, 45.28845420211092], [19.84238545532203, 45.29207213123498], [19.835366456168597, 45.29114453351454]]]}, "properties": {"pop": 4091, "kontur": 5272, "osm": 5011, "osm_pop": 3889, "osm_norm": 2966}}, {"type": "Feature", "geometry": {"type": "Polygon", "coordinates": [[[19.82373623357836, 45.293833567507384], [19.82132912431693, 45.289288045435384], [19.825940405417775, 45.2856708955864], [19.832958742293002, 45.286599095274404], [19.835366456168597, 45.29114453351454], [19.830755228630387, 45.294761855913244], [19.82373623357836, 45.293833567507384]]]}, "properties": {"pop": 6126, "kontur": 7895, "osm": 9389, "osm_pop": 7285, "osm_norm": 5558}}, {"type": "Feature", "geometry": {"type": "Polygon", "coordinates": [[[19.828144142019582, 45.277507443991205], [19.825737255543974, 45.27296123106838], [19.83034744350619, 45.26934321297819], [19.837364464334744, 45.27027123528488], [19.839771955097696, 45.27481736434864], [19.835161820820336, 45.278435554979495], [19.828144142019582, 45.277507443991205]]]}, "properties": {"pop": 5471, "kontur": 7049, "osm": 5035, "osm_pop": 3908, "osm_norm": 2981}}, {"type": "Feature", "geometry": {"type": "Polygon", "coordinates": [[[19.816515733208366, 45.28019622658037], [19.81410945128343, 45.275649929917655], [19.818720239068117, 45.27203251842909], [19.825737255543974, 45.27296123106838], [19.828144142019582, 45.277507443991205], [19.823533407544232, 45.28112502802939], [19.816515733208366, 45.28019622658037]]]}, "properties": {"pop": 4000, "kontur": 5154, "osm": 0, "osm_pop": 0, "osm_norm": 0}}, {"type": "Feature", "geometry": {"type": "Polygon", "coordinates": [[[19.837569423144615, 45.28298133869102], [19.835161820820336, 45.278435554979495], [19.839771955097696, 45.27481736434864], [19.846789637775608, 45.27574478490789], [19.849197844287094, 45.28029048465481], [19.844587764009077, 45.283908847821806], [19.837569423144615, 45.28298133869102]]]}, "properties": {"pop": 4353, "kontur": 5609, "osm": 7512, "osm_pop": 5830, "osm_norm": 4447}}, {"type": "Feature", "geometry": {"type": "Polygon", "coordinates": [[[19.825940405417775, 45.2856708955864], [19.823533407544232, 45.28112502802939], [19.828144142019582, 45.277507443991205], [19.835161820820336, 45.278435554979495], [19.837569423144615, 45.28298133869102], [19.832958742293002, 45.286599095274404], [19.825940405417775, 45.2856708955864]]]}, "properties": {"pop": 4870, "kontur": 6275, "osm": 6971, "osm_pop": 5410, "osm_norm": 4127}}, {"type": "Feature", "geometry": {"type": "Polygon", "coordinates": [[[19.86365287758899, 45.30755925665641], [19.861243015387895, 45.30301510763284], [19.865853533480188, 45.299396833441136], [19.872873858966482, 45.300322535760834], [19.875284325216867, 45.304866600517], [19.870673862007443, 45.30848504723564], [19.86365287758899, 45.30755925665641]]]}, "properties": {"pop": 57, "kontur": 73, "osm": 35, "osm_pop": 27, "osm_norm": 21}}, {"type": "Feature", "geometry": {"type": "Polygon", "coordinates": [[[19.884716494084078, 45.31033533464403], [19.88230531171984, 45.305791700153875], [19.886915172852877, 45.30217264688866], [19.893936160852174, 45.30309705561552], [19.89634794690063, 45.30764060561401], [19.891738141341374, 45.31125983139201], [19.884716494084078, 45.31033533464403]]]}, "properties": {"pop": 146, "kontur": 188, "osm": 137, "osm_pop": 106, "osm_norm": 81}}, {"type": "Feature", "geometry": {"type": "Polygon", "coordinates": [[[19.87308444042311, 45.313028766098626], [19.870673862007443, 45.30848504723564], [19.875284325216867, 45.304866600517], [19.88230531171984, 45.305791700153875], [19.884716494084078, 45.31033533464403], [19.88010608607258, 45.3139539538849], [19.87308444042311, 45.313028766098626]]]}, "properties": {"pop": 62, "kontur": 80, "osm": 72, "osm_pop": 56, "osm_norm": 43}}, {"type": "Feature", "geometry": {"type": "Polygon", "coordinates": [[[19.877483775358144, 45.296703655013175], [19.875073421282874, 45.29215924448274], [19.87968279096923, 45.28853992984318], [19.886702459487374, 45.289464853235856], [19.88911341718443, 45.2940091793664], [19.88450410281734, 45.29762866651884], [19.877483775358144, 45.296703655013175]]]}, "properties": {"pop": 59, "kontur": 76, "osm": 47, "osm_pop": 37, "osm_norm": 28}}, {"type": "Feature", "geometry": {"type": "Polygon", "coordinates": [[[19.865853533480188, 45.299396833441136], [19.86344378329082, 45.29485233862977], [19.86805375462611, 45.29123363040431], [19.875073421282874, 45.29215924448274], [19.877483775358144, 45.296703655013175], [19.872873858966482, 45.300322535760834], [19.865853533480188, 45.299396833441136]]]}, "properties": {"pop": 77, "kontur": 99, "osm": 0, "osm_pop": 0, "osm_norm": 0}}, {"type": "Feature", "geometry": {"type": "Polygon", "coordinates": [[[19.886915172852877, 45.30217264688866], [19.88450410281734, 45.29762866651884], [19.88911341718443, 45.2940091793664], [19.896133746028514, 45.29493350009039], [19.89854541958492, 45.299477395955016], [19.893936160852174, 45.30309705561552], [19.886915172852877, 45.30217264688866]]]}, "properties": {"pop": 5, "kontur": 6, "osm": 24, "osm_pop": 19, "osm_norm": 14}}, {"type": "Feature", "geometry": {"type": "Polygon", "coordinates": [[[19.830959216658222, 45.307468583580075], [19.828551279710084, 45.302923836639835], [19.833163054047276, 45.299306948562915], [19.840182711592064, 45.30023463489115], [19.84259125321774, 45.304779297907466], [19.83797953269678, 45.30839635853426], [19.830959216658222, 45.307468583580075]]]}, "properties": {"pop": 3059, "kontur": 3943, "osm": 915, "osm_pop": 710, "osm_norm": 542}}, {"type": "Feature", "geometry": {"type": "Polygon", "coordinates": [[[19.85202083088156, 45.31025061512366], [19.84961157299382, 45.30570638195159], [19.854222692462614, 45.30208871446692], [19.861243015387895, 45.30301510763284], [19.86365287758899, 45.30755925665641], [19.859041812627193, 45.31117709667729], [19.85202083088156, 45.31025061512366]]]}, "properties": {"pop": 62, "kontur": 80, "osm": 0, "osm_pop": 0, "osm_norm": 0}}, {"type": "Feature", "geometry": {"type": "Polygon", "coordinates": [[[19.840388186007242, 45.31294067573577], [19.83797953269678, 45.30839635853426], [19.84259125321774, 45.304779297907466], [19.84961157299382, 45.30570638195159], [19.85202083088156, 45.31025061512366], [19.847409164491673, 45.31386784829579], [19.840388186007242, 45.31294067573577]]]}, "properties": {"pop": 432, "kontur": 557, "osm": 0, "osm_pop": 0, "osm_norm": 0}}, {"type": "Feature", "geometry": {"type": "Polygon", "coordinates": [[[19.844793885252948, 45.296617139947195], [19.84238545532203, 45.29207213123498], [19.84699608223528, 45.28845420211092], [19.854015084902077, 45.28938110917768], [19.856424119083336, 45.29392603383341], [19.85181354642313, 45.29754413549358], [19.844793885252948, 45.296617139947195]]]}, "properties": {"pop": 547, "kontur": 705, "osm": 223, "osm_pop": 173, "osm_norm": 132}}, {"type": "Feature", "geometry": {"type": "Polygon", "coordinates": [[[19.833163054047276, 45.299306948562915], [19.830755228630387, 45.294761855913244], [19.835366456168597, 45.29114453351454], [19.84238545532203, 45.29207213123498], [19.844793885252948, 45.296617139947195], [19.840182711592064, 45.30023463489115], [19.833163054047276, 45.299306948562915]]]}, "properties": {"pop": 3020, "kontur": 3892, "osm": 3867, "osm_pop": 3001, "osm_norm": 2289}}, {"type": "Feature", "geometry": {"type": "Polygon", "coordinates": [[[19.854222692462614, 45.30208871446692], [19.85181354642313, 45.29754413549358], [19.856424119083336, 45.29392603383341], [19.86344378329082, 45.29485233862977], [19.865853533480188, 45.299396833441136], [19.861243015387895, 45.30301510763284], [19.854222692462614, 45.30208871446692]]]}, "properties": {"pop": 293, "kontur": 378, "osm": 197, "osm_pop": 153, "osm_norm": 117}}, {"type": "Feature", "geometry": {"type": "Polygon", "coordinates": [[[19.84259125321774, 45.304779297907466], [19.840182711592064, 45.30023463489115], [19.844793885252948, 45.296617139947195], [19.85181354642313, 45.29754413549358], [19.854222692462614, 45.30208871446692], [19.84961157299382, 45.30570638195159], [19.84259125321774, 45.304779297907466]]]}, "properties": {"pop": 154, "kontur": 198, "osm": 0, "osm_pop": 0, "osm_norm": 0}}, {"type": "Feature", "geometry": {"type": "Polygon", "coordinates": [[[19.863025790407033, 45.2694333146336], [19.860617091859854, 45.264887353645314], [19.865225478409748, 45.26126751665529], [19.87224250877138, 45.26219346815511], [19.87465181081521, 45.266739344927124], [19.870043479076372, 45.270359354430326], [19.863025790407033, 45.2694333146336]]]}, "properties": {"pop": 267, "kontur": 344, "osm": 272, "osm_pop": 211, "osm_norm": 161}}, {"type": "Feature", "geometry": {"type": "Polygon", "coordinates": [[[19.88407951909004, 45.27221014152966], [19.881669501599024, 45.26766469439077], [19.886277231844183, 45.264044078899126], [19.893294924155086, 45.2649687380621], [19.89570554477822, 45.26951410076032], [19.891097870034038, 45.27313488875101], [19.88407951909004, 45.27221014152966]]]}, "properties": {"pop": 871, "kontur": 1122, "osm": 1627, "osm_pop": 1263, "osm_norm": 963}}, {"type": "Feature", "geometry": {"type": "Polygon", "coordinates": [[[19.87245289317134, 45.27490488589092], [19.870043479076372, 45.270359354430326], [19.87465181081521, 45.266739344927124], [19.881669501599024, 45.26766469439077], [19.88407951909004, 45.27221014152966], [19.879471242476907, 45.27583032354132], [19.87245289317134, 45.27490488589092]]]}, "properties": {"pop": 1688, "kontur": 2175, "osm": 2838, "osm_pop": 2203, "osm_norm": 1680}}, {"type": "Feature", "geometry": {"type": "Polygon", "coordinates": [[[19.876850294202836, 45.258573025167365], [19.874441104219997, 45.25402680320326], [19.879048343456393, 45.250405926868524], [19.88606471750441, 45.25133110001321], [19.88847451055702, 45.25587723762829], [19.88386732656748, 45.259498286462446], [19.876850294202836, 45.258573025167365]]]}, "properties": {"pop": 831, "kontur": 1070, "osm": 3387, "osm_pop": 2630, "osm_norm": 2005}}, {"type": "Feature", "geometry": {"type": "Polygon", "coordinates": [[[19.865225478409748, 45.26126751665529], [19.86281689176037, 45.256721210461244], [19.86742473206355, 45.253100939982225], [19.874441104219997, 45.25402680320326], [19.876850294202836, 45.258573025167365], [19.87224250877138, 45.26219346815511], [19.865225478409748, 45.26126751665529]]]}, "properties": {"pop": 714, "kontur": 920, "osm": 2735, "osm_pop": 2123, "osm_norm": 1619}}, {"type": "Feature", "geometry": {"type": "Polygon", "coordinates": [[[19.886277231844183, 45.264044078899126], [19.88386732656748, 45.259498286462446], [19.88847451055702, 45.25587723762829], [19.89549154433747, 45.25680180875107], [19.897902052583166, 45.261347516733466], [19.893294924155086, 45.2649687380621], [19.886277231844183, 45.264044078899126]]]}, "properties": {"pop": 132, "kontur": 170, "osm": 13, "osm_pop": 10, "osm_norm": 8}}, {"type": "Feature", "geometry": {"type": "Polygon", "coordinates": [[[19.87465181081521, 45.266739344927124], [19.87224250877138, 45.26219346815511], [19.876850294202836, 45.258573025167365], [19.88386732656748, 45.259498286462446], [19.886277231844183, 45.264044078899126], [19.881669501599024, 45.26766469439077], [19.87465181081521, 45.266739344927124]]]}, "properties": {"pop": 121, "kontur": 156, "osm": 67, "osm_pop": 52, "osm_norm": 40}}, {"type": "Feature", "geometry": {"type": "Polygon", "coordinates": [[[19.83034744350619, 45.26934321297819], [19.827940668438544, 45.26479665480872], [19.832550309999913, 45.26117820280388], [19.83956667295856, 45.262106136447], [19.841974052150196, 45.2666526107438], [19.837364464334744, 45.27027123528488], [19.83034744350619, 45.26934321297819]]]}, "properties": {"pop": 6326, "kontur": 8149, "osm": 17216, "osm_pop": 13364, "osm_norm": 10191}}, {"type": "Feature", "geometry": {"type": "Polygon", "coordinates": [[[19.851399171530744, 45.27212598783516], [19.848991076743904, 45.267579942749585], [19.853600064088514, 45.26396071190853], [19.860617091859854, 45.264887353645314], [19.863025790407033, 45.2694333146336], [19.85841685749813, 45.273052717997125], [19.851399171530744, 45.27212598783516]]]}, "properties": {"pop": 2736, "kontur": 3525, "osm": 402, "osm_pop": 312, "osm_norm": 238}}, {"type": "Feature", "geometry": {"type": "Polygon", "coordinates": [[[19.839771955097696, 45.27481736434864], [19.837364464334744, 45.27027123528488], [19.841974052150196, 45.2666526107438], [19.848991076743904, 45.267579942749585], [19.851399171530744, 45.27212598783516], [19.846789637775608, 45.27574478490789], [19.839771955097696, 45.27481736434864]]]}, "properties": {"pop": 4253, "kontur": 5479, "osm": 3681, "osm_pop": 2857, "osm_norm": 2179}}, {"type": "Feature", "geometry": {"type": "Polygon", "coordinates": [[[19.844175714424413, 45.25848707813308], [19.84176844681405, 45.253940258722594], [19.846376942042568, 45.250320766773264], [19.8533926507749, 45.25124792172648], [19.855800522082642, 45.255794657131524], [19.851192081036245, 45.25941432160354], [19.844175714424413, 45.25848707813308]]]}, "properties": {"pop": 5471, "kontur": 7047, "osm": 22707, "osm_pop": 17630, "osm_norm": 13442}}, {"type": "Feature", "geometry": {"type": "Polygon", "coordinates": [[[19.832550309999913, 45.26117820280388], [19.830143646350265, 45.25663129950703], [19.83475274162303, 45.25301241372491], [19.84176844681405, 45.253940258722594], [19.844175714424413, 45.25848707813308], [19.83956667295856, 45.262106136447], [19.832550309999913, 45.26117820280388]]]}, "properties": {"pop": 6920, "kontur": 8913, "osm": 34510, "osm_pop": 26793, "osm_norm": 20429}}, {"type": "Feature", "geometry": {"type": "Polygon", "coordinates": [[[19.853600064088514, 45.26396071190853], [19.851192081036245, 45.25941432160354], [19.855800522082642, 45.255794657131524], [19.86281689176037, 45.256721210461244], [19.865225478409748, 45.26126751665529], [19.860617091859854, 45.264887353645314], [19.853600064088514, 45.26396071190853]]]}, "properties": {"pop": 1802, "kontur": 2321, "osm": 7018, "osm_pop": 5449, "osm_norm": 4154}}, {"type": "Feature", "geometry": {"type": "Polygon", "coordinates": [[[19.841974052150196, 45.2666526107438], [19.83956667295856, 45.262106136447], [19.844175714424413, 45.25848707813308], [19.851192081036245, 45.25941432160354], [19.853600064088514, 45.26396071190853], [19.848991076743904, 45.267579942749585], [19.841974052150196, 45.2666526107438]]]}, "properties": {"pop": 7359, "kontur": 9480, "osm": 25712, "osm_pop": 19961, "osm_norm": 15221}}, {"type": "Feature", "geometry": {"type": "Polygon", "coordinates": [[[19.87968279096923, 45.28853992984318], [19.877272549078906, 45.28399517365745], [19.881881372172465, 45.28037542526318], [19.88890038185218, 45.281300260561096], [19.891311227201037, 45.285844932333355], [19.886702459487374, 45.289464853235856], [19.87968279096923, 45.28853992984318]]]}, "properties": {"pop": 123, "kontur": 158, "osm": 0, "osm_pop": 0, "osm_norm": 0}}, {"type": "Feature", "geometry": {"type": "Polygon", "coordinates": [[[19.900742458047304, 45.29131340668451], [19.898330896992658, 45.28676916507273], [19.902939062410006, 45.28314863805873], [19.909958732887436, 45.284072180177354], [19.912370897035327, 45.288616337151524], [19.90776278768837, 45.29223703665938], [19.900742458047304, 45.29131340668451]]]}, "properties": {"pop": 113, "kontur": 146, "osm": 47, "osm_pop": 37, "osm_norm": 28}}, {"type": "Feature", "geometry": {"type": "Polygon", "coordinates": [[[19.88911341718443, 45.2940091793664], [19.886702459487374, 45.289464853235856], [19.891311227201037, 45.285844932333355], [19.898330896992658, 45.28676916507273], [19.900742458047304, 45.29131340668451], [19.896133746028514, 45.29493350009039], [19.88911341718443, 45.2940091793664]]]}, "properties": {"pop": 85, "kontur": 110, "osm": 0, "osm_pop": 0, "osm_norm": 0}}, {"type": "Feature", "geometry": {"type": "Polygon", "coordinates": [[[19.881881372172465, 45.28037542526318], [19.879471242476907, 45.27583032354132], [19.88407951909004, 45.27221014152966], [19.891097870034038, 45.27313488875101], [19.89350860302488, 45.277679906045854], [19.88890038185218, 45.281300260561096], [19.881881372172465, 45.28037542526318]]]}, "properties": {"pop": 192, "kontur": 247, "osm": 0, "osm_pop": 0, "osm_norm": 0}}, {"type": "Feature", "geometry": {"type": "Polygon", "coordinates": [[[19.902939062410006, 45.28314863805873], [19.900527613866842, 45.278604050818814], [19.905135232795203, 45.27498309033403], [19.91215424421181, 45.27590654461467], [19.91456629568506, 45.280451047203385], [19.909958732887436, 45.284072180177354], [19.902939062410006, 45.28314863805873]]]}, "properties": {"pop": 39, "kontur": 50, "osm": 0, "osm_pop": 0, "osm_norm": 0}}, {"type": "Feature", "geometry": {"type": "Polygon", "coordinates": [[[19.891311227201037, 45.285844932333355], [19.88890038185218, 45.281300260561096], [19.89350860302488, 45.277679906045854], [19.900527613866842, 45.278604050818814], [19.902939062410006, 45.28314863805873], [19.898330896992658, 45.28676916507273], [19.891311227201037, 45.285844932333355]]]}, "properties": {"pop": 108, "kontur": 139, "osm": 0, "osm_pop": 0, "osm_norm": 0}}, {"type": "Feature", "geometry": {"type": "Polygon", "coordinates": [[[19.84699608223528, 45.28845420211092], [19.844587764009077, 45.283908847821806], [19.849197844287094, 45.28029048465481], [19.85621618855296, 45.2812173032601], [19.858625110866097, 45.28576257347914], [19.854015084902077, 45.28938110917768], [19.84699608223528, 45.28845420211092]]]}, "properties": {"pop": 847, "kontur": 1091, "osm": 1117, "osm_pop": 867, "osm_norm": 661}}, {"type": "Feature", "geometry": {"type": "Polygon", "coordinates": [[[19.86805375462611, 45.29123363040431], [19.865644116458345, 45.28668878992413], [19.870253541149072, 45.28306964780215], [19.877272549078906, 45.28399517365745], [19.87968279096923, 45.28853992984318], [19.875073421282874, 45.29215924448274], [19.86805375462611, 45.29123363040431]]]}, "properties": {"pop": 316, "kontur": 407, "osm": 19, "osm_pop": 14, "osm_norm": 11}}, {"type": "Feature", "geometry": {"type": "Polygon", "coordinates": [[[19.856424119083336, 45.29392603383341], [19.854015084902077, 45.28938110917768], [19.858625110866097, 45.28576257347914], [19.865644116458345, 45.28668878992413], [19.86805375462611, 45.29123363040431], [19.86344378329082, 45.29485233862977], [19.856424119083336, 45.29392603383341]]]}, "properties": {"pop": 93, "kontur": 120, "osm": 9, "osm_pop": 7, "osm_norm": 5}}, {"type": "Feature", "geometry": {"type": "Polygon", "coordinates": [[[19.860825667933234, 45.277598333660414], [19.85841685749813, 45.273052717997125], [19.863025790407033, 45.2694333146336], [19.870043479076372, 45.270359354430326], [19.87245289317134, 45.27490488589092], [19.867844015012754, 45.27852446177219], [19.860825667933234, 45.277598333660414]]]}, "properties": {"pop": 2527, "kontur": 3256, "osm": 1982, "osm_pop": 1538, "osm_norm": 1173}}, {"type": "Feature", "geometry": {"type": "Polygon", "coordinates": [[[19.849197844287094, 45.28029048465481], [19.846789637775608, 45.27574478490789], [19.851399171530744, 45.27212598783516], [19.85841685749813, 45.273052717997125], [19.860825667933234, 45.277598333660414], [19.85621618855296, 45.2812173032601], [19.849197844287094, 45.28029048465481]]]}, "properties": {"pop": 1534, "kontur": 1976, "osm": 1189, "osm_pop": 923, "osm_norm": 704}}, {"type": "Feature", "geometry": {"type": "Polygon", "coordinates": [[[19.870253541149072, 45.28306964780215], [19.867844015012754, 45.27852446177219], [19.87245289317134, 45.27490488589092], [19.879471242476907, 45.27583032354132], [19.881881372172465, 45.28037542526318], [19.877272549078906, 45.28399517365745], [19.870253541149072, 45.28306964780215]]]}, "properties": {"pop": 1764, "kontur": 2273, "osm": 1578, "osm_pop": 1224, "osm_norm": 934}}, {"type": "Feature", "geometry": {"type": "Polygon", "coordinates": [[[19.858625110866097, 45.28576257347914], [19.85621618855296, 45.2812173032601], [19.860825667933234, 45.277598333660414], [19.867844015012754, 45.27852446177219], [19.870253541149072, 45.28306964780215], [19.865644116458345, 45.28668878992413], [19.858625110866097, 45.28576257347914]]]}, "properties": {"pop": 1010, "kontur": 1301, "osm": 283, "osm_pop": 219, "osm_norm": 168}}, {"type": "Feature", "geometry": {"type": "Polygon", "coordinates": [[[19.732886896099195, 45.30714063186128], [19.730484743304068, 45.30259409783308], [19.735100267667587, 45.29898137194933], [19.7421178942851, 45.29991500749403], [19.74452065363493, 45.30446145863098], [19.739905179887952, 45.308074357129314], [19.732886896099195, 45.30714063186128]]]}, "properties": {"pop": 443, "kontur": 571, "osm": 1030, "osm_pop": 799, "osm_norm": 610}}, {"type": "Feature", "geometry": {"type": "Polygon", "coordinates": [[[19.742308049480073, 45.312620462686624], [19.739905179887952, 45.308074357129314], [19.74452065363493, 45.30446145863098], [19.751538946118774, 45.30539449309415], [19.753942422166826, 45.309940515654375], [19.74932699935056, 45.31355358676334], [19.742308049480073, 45.312620462686624]]]}, "properties": {"pop": 125, "kontur": 161, "osm": 270, "osm_pop": 210, "osm_norm": 160}}, {"type": "Feature", "geometry": {"type": "Polygon", "coordinates": [[[19.74673282105156, 45.29630167381607], [19.74433017195448, 45.291754877218395], [19.748944551852677, 45.28814110849768], [19.75596152986876, 45.28907396378764], [19.758364785094216, 45.293620677361154], [19.753750456250614, 45.297234618683646], [19.74673282105156, 45.29630167381607]]]}, "properties": {"pop": 942, "kontur": 1214, "osm": 4126, "osm_pop": 3201, "osm_norm": 2442}}, {"type": "Feature", "geometry": {"type": "Polygon", "coordinates": [[[19.735100267667587, 45.29898137194933], [19.732698224961393, 45.294434492446946], [19.737313202406444, 45.29082133137914], [19.74433017195448, 45.291754877218395], [19.74673282105156, 45.29630167381607], [19.7421178942851, 45.29991500749403], [19.735100267667587, 45.29898137194933]]]}, "properties": {"pop": 1728, "kontur": 2228, "osm": 7759, "osm_pop": 6019, "osm_norm": 4593}}, {"type": "Feature", "geometry": {"type": "Polygon", "coordinates": [[[19.75615382189255, 45.30178098680999], [19.753750456250614, 45.297234618683646], [19.758364785094216, 45.293620677361154], [19.765382428286447, 45.29455293158204], [19.767786399957764, 45.299099216578355], [19.76317212248294, 45.302713330498584], [19.75615382189255, 45.30178098680999]]]}, "properties": {"pop": 2, "kontur": 3, "osm": 13, "osm_pop": 10, "osm_norm": 8}}, {"type": "Feature", "geometry": {"type": "Polygon", "coordinates": [[[19.74452065363493, 45.30446145863098], [19.7421178942851, 45.29991500749403], [19.74673282105156, 45.29630167381607], [19.753750456250614, 45.297234618683646], [19.75615382189255, 45.30178098680999], [19.751538946118774, 45.30539449309415], [19.74452065363493, 45.30446145863098]]]}, "properties": {"pop": 369, "kontur": 476, "osm": 1511, "osm_pop": 1172, "osm_norm": 894}}, {"type": "Feature", "geometry": {"type": "Polygon", "coordinates": [[[19.782216021095238, 45.32637150458976], [19.779810394626338, 45.321826769027105], [19.784425115536127, 45.31821274494838], [19.79144541073995, 45.31914328385708], [19.79385164310417, 45.323687935985824], [19.789236974444794, 45.3273021326546], [19.782216021095238, 45.32637150458976]]]}, "properties": {"pop": 7, "kontur": 9, "osm": 0, "osm_pop": 0, "osm_norm": 0}}, {"type": "Feature", "geometry": {"type": "Polygon", "coordinates": [[[19.791643317828992, 45.33184643879594], [19.789236974444794, 45.3273021326546], [19.79385164310417, 45.323687935985824], [19.80087260265817, 45.324617872887245], [19.80327955183807, 45.32916209548888], [19.79866493574388, 45.33277646474358], [19.791643317828992, 45.33184643879594]]]}, "properties": {"pop": 11, "kontur": 14, "osm": 0, "osm_pop": 0, "osm_norm": 0}}, {"type": "Feature", "geometry": {"type": "Polygon", "coordinates": [[[19.796059532222266, 45.31552865216812], [19.79365341088828, 45.310983654170656], [19.798266985305936, 45.3073685875983], [19.805286628444946, 45.30829834646145], [19.80769335524714, 45.3128432608923], [19.80307983351765, 45.31645850004136], [19.796059532222266, 45.31552865216812]]]}, "properties": {"pop": 16, "kontur": 21, "osm": 0, "osm_pop": 0, "osm_norm": 0}}, {"type": "Feature", "geometry": {"type": "Polygon", "coordinates": [[[19.805486671513762, 45.32100306861698], [19.80307983351765, 45.31645850004136], [19.80769335524714, 45.3128432608923], [19.814713662045445, 45.313772417761186], [19.81712110540998, 45.318316902664556], [19.812507636683414, 45.32193231438604], [19.805486671513762, 45.32100306861698]]]}, "properties": {"pop": 8, "kontur": 10, "osm": 0, "osm_pop": 0, "osm_norm": 0}}, {"type": "Feature", "geometry": {"type": "Polygon", "coordinates": [[[19.79385164310417, 45.323687935985824], [19.79144541073995, 45.31914328385708], [19.796059532222266, 45.31552865216812], [19.80307983351765, 45.31645850004136], [19.805486671513762, 45.32100306861698], [19.80087260265817, 45.324617872887245], [19.79385164310417, 45.323687935985824]]]}, "properties": {"pop": 4, "kontur": 5, "osm": 0, "osm_pop": 0, "osm_norm": 0}}, {"type": "Feature", "geometry": {"type": "Polygon", "coordinates": [[[19.749518312652267, 45.326257230507025], [19.747114615823254, 45.32171189943555], [19.75173058579432, 45.318099263638544], [19.75875020148675, 45.319031786316565], [19.761154504836615, 45.323577034298445], [19.756538586048684, 45.32718984270667], [19.749518312652267, 45.326257230507025]]]}, "properties": {"pop": 1, "kontur": 1, "osm": 0, "osm_pop": 0, "osm_norm": 0}}, {"type": "Feature", "geometry": {"type": "Polygon", "coordinates": [[[19.7705798064014, 45.32905377424792], [19.768174786091063, 45.32450895537053], [19.77279010610278, 45.32089553905207], [19.779810394626338, 45.321826769027105], [19.782216021095238, 45.32637150458976], [19.77760075295757, 45.32998509350695], [19.7705798064014, 45.32905377424792]]]}, "properties": {"pop": 16, "kontur": 21, "osm": 0, "osm_pop": 0, "osm_norm": 0}}, {"type": "Feature", "geometry": {"type": "Polygon", "coordinates": [[[19.758942999937307, 45.33173474477957], [19.756538586048684, 45.32718984270667], [19.761154504836615, 45.323577034298445], [19.768174786091063, 45.32450895537053], [19.7705798064014, 45.32905377424792], [19.765963939111117, 45.33266675526348], [19.758942999937307, 45.33173474477957]]]}, "properties": {"pop": 1, "kontur": 1, "osm": 0, "osm_pop": 0, "osm_norm": 0}}, {"type": "Feature", "geometry": {"type": "Polygon", "coordinates": [[[19.76336557305797, 45.31541854260085], [19.760961380257264, 45.31087294882869], [19.765576204724137, 45.307259269942286], [19.772595170445907, 45.30819101224466], [19.774999969340662, 45.3127365227945], [19.77038519649508, 45.316350374279075], [19.76336557305797, 45.31541854260085]]]}, "properties": {"pop": 1, "kontur": 1, "osm": 0, "osm_pop": 0, "osm_norm": 0}}, {"type": "Feature", "geometry": {"type": "Polygon", "coordinates": [[[19.75173058579432, 45.318099263638544], [19.74932699935056, 45.31355358676334], [19.753942422166826, 45.309940515654375], [19.760961380257264, 45.31087294882869], [19.76336557305797, 45.31541854260085], [19.75875020148675, 45.319031786316565], [19.75173058579432, 45.318099263638544]]]}, "properties": {"pop": 9, "kontur": 12, "osm": 0, "osm_pop": 0, "osm_norm": 0}}, {"type": "Feature", "geometry": {"type": "Polygon", "coordinates": [[[19.781626941499898, 45.28825479020754], [19.77922247480586, 45.28370824304045], [19.783835060110214, 45.28009265226], [19.7908520600018, 45.28102343608533], [19.79325713203583, 45.285569899870204], [19.78864459891376, 45.28918566322676], [19.781626941499898, 45.28825479020754]]]}, "properties": {"pop": 1156, "kontur": 1490, "osm": 537, "osm_pop": 417, "osm_norm": 318}}, {"type": "Feature", "geometry": {"type": "Polygon", "coordinates": [[[19.802680583860408, 45.29104611722532], [19.800274795678344, 45.286500082334875], [19.804886729576268, 45.28288371193399], [19.81190439885941, 45.283813203875205], [19.814310792018865, 45.288359155158474], [19.80969891099332, 45.29197569812245], [19.802680583860408, 45.29104611722532]]]}, "properties": {"pop": 2643, "kontur": 3406, "osm": 194, "osm_pop": 150, "osm_norm": 115}}, {"type": "Feature", "geometry": {"type": "Polygon", "coordinates": [[[19.791049781855257, 45.29373178160508], [19.78864459891376, 45.28918566322676], [19.79325713203583, 45.285569899870204], [19.800274795678344, 45.286500082334875], [19.802680583860408, 45.29104611722532], [19.798068103234908, 45.29466205315373], [19.791049781855257, 45.29373178160508]]]}, "properties": {"pop": 1611, "kontur": 2076, "osm": 97, "osm_pop": 75, "osm_norm": 57}}, {"type": "Feature", "geometry": {"type": "Polygon", "coordinates": [[[19.795464046457752, 45.2774072382518], [19.79305908534137, 45.27286042917944], [19.797670525243472, 45.26924379700613], [19.80468687371799, 45.27017380135699], [19.807092439747898, 45.274720526914294], [19.802481052465225, 45.278337331650555], [19.795464046457752, 45.2774072382518]]]}, "properties": {"pop": 1048, "kontur": 1350, "osm": 1286, "osm_pop": 998, "osm_norm": 761}}, {"type": "Feature", "geometry": {"type": "Polygon", "coordinates": [[[19.783835060110214, 45.28009265226], [19.781430704170322, 45.275545759791896], [19.78604274287007, 45.271929734530076], [19.79305908534137, 45.27286042917944], [19.795464046457752, 45.2774072382518], [19.7908520600018, 45.28102343608533], [19.783835060110214, 45.28009265226]]]}, "properties": {"pop": 3945, "kontur": 5083, "osm": 4346, "osm_pop": 3373, "osm_norm": 2573}}, {"type": "Feature", "geometry": {"type": "Polygon", "coordinates": [[[19.804886729576268, 45.28288371193399], [19.802481052465225, 45.278337331650555], [19.807092439747898, 45.274720526914294], [19.81410945128343, 45.275649929917655], [19.816515733208366, 45.28019622658037], [19.81190439885941, 45.283813203875205], [19.804886729576268, 45.28288371193399]]]}, "properties": {"pop": 3198, "kontur": 4121, "osm": 103, "osm_pop": 80, "osm_norm": 61}}, {"type": "Feature", "geometry": {"type": "Polygon", "coordinates": [[[19.79325713203583, 45.285569899870204], [19.7908520600018, 45.28102343608533], [19.795464046457752, 45.2774072382518], [19.802481052465225, 45.278337331650555], [19.804886729576268, 45.28288371193399], [19.800274795678344, 45.286500082334875], [19.79325713203583, 45.285569899870204]]]}, "properties": {"pop": 1063, "kontur": 1370, "osm": 421, "osm_pop": 327, "osm_norm": 249}}, {"type": "Feature", "geometry": {"type": "Polygon", "coordinates": [[[19.748944551852677, 45.28814110849768], [19.746542013018768, 45.28359396655829], [19.751155846160927, 45.279979762931795], [19.758172167095896, 45.28091252866205], [19.760575311894456, 45.28545958756375], [19.75596152986876, 45.28907396378764], [19.748944551852677, 45.28814110849768]]]}, "properties": {"pop": 89, "kontur": 115, "osm": 431, "osm_pop": 334, "osm_norm": 255}}, {"type": "Feature", "geometry": {"type": "Polygon", "coordinates": [[[19.76999615888155, 45.29093838276482], [19.767592297790415, 45.28639175233483], [19.77220548161809, 45.282776768757635], [19.77922247480586, 45.28370824304045], [19.781626941499898, 45.28825479020754], [19.777013809478696, 45.29186994636949], [19.76999615888155, 45.29093838276482]]]}, "properties": {"pop": 204, "kontur": 263, "osm": 675, "osm_pop": 524, "osm_norm": 400}}, {"type": "Feature", "geometry": {"type": "Polygon", "coordinates": [[[19.758364785094216, 45.293620677361154], [19.75596152986876, 45.28907396378764], [19.760575311894456, 45.28545958756375], [19.767592297790415, 45.28639175233483], [19.76999615888155, 45.29093838276482], [19.765382428286447, 45.29455293158204], [19.758364785094216, 45.293620677361154]]]}, "properties": {"pop": 22, "kontur": 28, "osm": 0, "osm_pop": 0, "osm_norm": 0}}, {"type": "Feature", "geometry": {"type": "Polygon", "coordinates": [[[19.762785402415886, 45.27729771767377], [19.760382368054575, 45.27275031356304], [19.764995056781068, 45.26913506794746], [19.772010728390196, 45.270067053872914], [19.774414368289943, 45.274614374812955], [19.769801731117504, 45.278229793013075], [19.762785402415886, 45.27729771767377]]]}, "properties": {"pop": 362, "kontur": 466, "osm": 206, "osm_pop": 160, "osm_norm": 122}}, {"type": "Feature", "geometry": {"type": "Polygon", "coordinates": [[[19.751155846160927, 45.279979762931795], [19.74875341760064, 45.27543227576975], [19.753366704098955, 45.2718176373745], [19.760382368054575, 45.27275031356304], [19.762785402415886, 45.27729771767377], [19.758172167095896, 45.28091252866205], [19.751155846160927, 45.279979762931795]]]}, "properties": {"pop": 1, "kontur": 1, "osm": 0, "osm_pop": 0, "osm_norm": 0}}, {"type": "Feature", "geometry": {"type": "Polygon", "coordinates": [[[19.77220548161809, 45.282776768757635], [19.769801731117504, 45.278229793013075], [19.774414368289943, 45.274614374812955], [19.781430704170322, 45.275545759791896], [19.783835060110214, 45.28009265226], [19.77922247480586, 45.28370824304045], [19.77220548161809, 45.282776768757635]]]}, "properties": {"pop": 2483, "kontur": 3200, "osm": 3185, "osm_pop": 2471, "osm_norm": 1885}}, {"type": "Feature", "geometry": {"type": "Polygon", "coordinates": [[[19.760575311894456, 45.28545958756375], [19.758172167095896, 45.28091252866205], [19.762785402415886, 45.27729771767377], [19.769801731117504, 45.278229793013075], [19.77220548161809, 45.282776768757635], [19.767592297790415, 45.28639175233483], [19.760575311894456, 45.28545958756375]]]}, "properties": {"pop": 288, "kontur": 371, "osm": 324, "osm_pop": 252, "osm_norm": 192}}, {"type": "Feature", "geometry": {"type": "Polygon", "coordinates": [[[19.798266985305936, 45.3073685875983], [19.795860975012406, 45.30282324385096], [19.8004740024778, 45.29920774253207], [19.807492987562675, 45.300137412403224], [19.809899603160723, 45.30468267257045], [19.805286628444946, 45.30829834646145], [19.798266985305936, 45.3073685875983]]]}, "properties": {"pop": 185, "kontur": 238, "osm": 12, "osm_pop": 10, "osm_norm": 7}}, {"type": "Feature", "geometry": {"type": "Polygon", "coordinates": [[[19.819326583696952, 45.31015657130239], [19.81691925169002, 45.305611740557275], [19.82153162637891, 45.30199545949805], [19.828551279710084, 45.302923836639835], [19.830959216658222, 45.307468583580075], [19.826346895409614, 45.31108503719822], [19.819326583696952, 45.31015657130239]]]}, "properties": {"pop": 3814, "kontur": 4917, "osm": 2598, "osm_pop": 2015, "osm_norm": 1538}}, {"type": "Feature", "geometry": {"type": "Polygon", "coordinates": [[[19.80769335524714, 45.3128432608923], [19.805286628444946, 45.30829834646145], [19.809899603160723, 45.30468267257045], [19.81691925169002, 45.305611740557275], [19.819326583696952, 45.31015657130239], [19.814713662045445, 45.313772417761186], [19.80769335524714, 45.3128432608923]]]}, "properties": {"pop": 308, "kontur": 397, "osm": 0, "osm_pop": 0, "osm_norm": 0}}, {"type": "Feature", "geometry": {"type": "Polygon", "coordinates": [[[19.812105415377125, 45.296521303907234], [19.80969891099332, 45.29197569812245], [19.814310792018865, 45.288359155158474], [19.82132912431693, 45.289288045435384], [19.82373623357836, 45.293833567507384], [19.819124405739682, 45.29745028303003], [19.812105415377125, 45.296521303907234]]]}, "properties": {"pop": 5232, "kontur": 6743, "osm": 6586, "osm_pop": 5110, "osm_norm": 3899}}, {"type": "Feature", "geometry": {"type": "Polygon", "coordinates": [[[19.8004740024778, 45.29920774253207], [19.798068103234908, 45.29466205315373], [19.802680583860408, 45.29104611722532], [19.80969891099332, 45.29197569812245], [19.812105415377125, 45.296521303907234], [19.807492987562675, 45.300137412403224], [19.8004740024778, 45.29920774253207]]]}, "properties": {"pop": 1349, "kontur": 1739, "osm": 1118, "osm_pop": 867, "osm_norm": 662}}, {"type": "Feature", "geometry": {"type": "Polygon", "coordinates": [[[19.82153162637891, 45.30199545949805], [19.819124405739682, 45.29745028303003], [19.82373623357836, 45.293833567507384], [19.830755228630387, 45.294761855913244], [19.833163054047276, 45.299306948562915], [19.828551279710084, 45.302923836639835], [19.82153162637891, 45.30199545949805]]]}, "properties": {"pop": 6658, "kontur": 8582, "osm": 9399, "osm_pop": 7292, "osm_norm": 5564}}, {"type": "Feature", "geometry": {"type": "Polygon", "coordinates": [[[19.809899603160723, 45.30468267257045], [19.807492987562675, 45.300137412403224], [19.812105415377125, 45.296521303907234], [19.819124405739682, 45.29745028303003], [19.82153162637891, 45.30199545949805], [19.81691925169002, 45.305611740557275], [19.809899603160723, 45.30468267257045]]]}, "properties": {"pop": 5101, "kontur": 6575, "osm": 6461, "osm_pop": 5012, "osm_norm": 3825}}, {"type": "Feature", "geometry": {"type": "Polygon", "coordinates": [[[19.779418386916586, 45.29641614811646], [19.777013809478696, 45.29186994636949], [19.781626941499898, 45.28825479020754], [19.78864459891376, 45.28918566322676], [19.791049781855257, 45.29373178160508], [19.786436701954784, 45.29734711034761], [19.779418386916586, 45.29641614811646]]]}, "properties": {"pop": 892, "kontur": 1150, "osm": 85, "osm_pop": 66, "osm_norm": 50}}, {"type": "Feature", "geometry": {"type": "Polygon", "coordinates": [[[19.767786399957764, 45.299099216578355], [19.765382428286447, 45.29455293158204], [19.76999615888155, 45.29093838276482], [19.777013809478696, 45.29186994636949], [19.779418386916586, 45.29641614811646], [19.77480470806623, 45.300030869522885], [19.767786399957764, 45.299099216578355]]]}, "properties": {"pop": 112, "kontur": 144, "osm": 0, "osm_pop": 0, "osm_norm": 0}}, {"type": "Feature", "geometry": {"type": "Polygon", "coordinates": [[[19.78884199579351, 45.301892883200345], [19.786436701954784, 45.29734711034761], [19.791049781855257, 45.29373178160508], [19.798068103234908, 45.29466205315373], [19.8004740024778, 45.29920774253207], [19.795860975012406, 45.30282324385096], [19.78884199579351, 45.301892883200345]]]}, "properties": {"pop": 670, "kontur": 864, "osm": 0, "osm_pop": 0, "osm_norm": 0}}, {"type": "Feature", "geometry": {"type": "Polygon", "coordinates": [[[19.777209396237705, 45.30457672573073], [19.77480470806623, 45.300030869522885], [19.779418386916586, 45.29641614811646], [19.786436701954784, 45.29734711034761], [19.78884199579351, 45.301892883200345], [19.784228369002264, 45.30550777719184], [19.777209396237705, 45.30457672573073]]]}, "properties": {"pop": 10, "kontur": 13, "osm": 0, "osm_pop": 0, "osm_norm": 0}}, {"type": "Feature", "geometry": {"type": "Polygon", "coordinates": [[[19.763834391190358, 45.19284004650218], [19.761433780590572, 45.188288686692374], [19.76604165829572, 45.184669880721316], [19.773050095194392, 45.18560226201914], [19.77545131006068, 45.190153538746024], [19.770843483836952, 45.19377251727283], [19.763834391190358, 45.19284004650218]]]}, "properties": {"pop": 153, "kontur": 197, "osm": 0, "osm_pop": 0, "osm_norm": 0}}, {"type": "Feature", "geometry": {"type": "Polygon", "coordinates": [[[19.78486233924013, 45.19563617013391], [19.78246040981879, 45.19108532050264], [19.787067638774907, 45.18746573617288], [19.79407674505853, 45.188396828946466], [19.796479278385515, 45.192947595269594], [19.791872101598425, 45.19656735214201], [19.78486233924013, 45.19563617013391]]]}, "properties": {"pop": 10, "kontur": 13, "osm": 0, "osm_pop": 0, "osm_norm": 0}}, {"type": "Feature", "geometry": {"type": "Polygon", "coordinates": [[[19.77324480909063, 45.19832345009268], [19.770843483836952, 45.19377251727283], [19.77545131006068, 45.190153538746024], [19.78246040981879, 45.19108532050264], [19.78486233924013, 45.19563617013391], [19.780254564810903, 45.19925532121192], [19.77324480909063, 45.19832345009268]]]}, "properties": {"pop": 70, "kontur": 90, "osm": 0, "osm_pop": 0, "osm_norm": 0}}, {"type": "Feature", "geometry": {"type": "Polygon", "coordinates": [[[19.76604165829572, 45.184669880721316], [19.763641157930554, 45.180118177110636], [19.768248490285472, 45.17649893787986], [19.77525627153778, 45.17743122972277], [19.777657376006403, 45.1819828502366], [19.773050095194392, 45.18560226201914], [19.76604165829572, 45.184669880721316]]]}, "properties": {"pop": 90, "kontur": 116, "osm": 0, "osm_pop": 0, "osm_norm": 0}}, {"type": "Feature", "geometry": {"type": "Polygon", "coordinates": [[[19.787067638774907, 45.18746573617288], [19.78466581990399, 45.18291454264849], [19.78927250349886, 45.17929452520492], [19.796280953809557, 45.18022552876191], [19.798683376423096, 45.184776638964294], [19.79407674505853, 45.188396828946466], [19.787067638774907, 45.18746573617288]]]}, "properties": {"pop": 4, "kontur": 5, "osm": 0, "osm_pop": 0, "osm_norm": 0}}, {"type": "Feature", "geometry": {"type": "Polygon", "coordinates": [[[19.77545131006068, 45.190153538746024], [19.773050095194392, 45.18560226201914], [19.777657376006403, 45.1819828502366], [19.78466581990399, 45.18291454264849], [19.787067638774907, 45.18746573617288], [19.78246040981879, 45.19108532050264], [19.77545131006068, 45.190153538746024]]]}, "properties": {"pop": 20, "kontur": 26, "osm": 0, "osm_pop": 0, "osm_norm": 0}}, {"type": "Feature", "geometry": {"type": "Polygon", "coordinates": [[[19.813103689209232, 45.21207790028618], [19.810699615800335, 45.207528333212444], [19.815306687309423, 45.203908231268684], [19.822317779193515, 45.20483752388469], [19.82472245621002, 45.2093870073336], [19.820115437810152, 45.21300728180607], [19.813103689209232, 45.21207790028618]]]}, "properties": {"pop": 321, "kontur": 413, "osm": 559, "osm_pop": 434, "osm_norm": 331}}, {"type": "Feature", "geometry": {"type": "Polygon", "coordinates": [[[19.834139601127305, 45.21486475488418], [19.831734209440885, 45.21031569948319], [19.836340628751042, 45.20669481939352], [19.843352386025558, 45.20762282220453], [19.845758380957175, 45.212171793755886], [19.8411520154445, 45.21579284636054], [19.834139601127305, 45.21486475488418]]]}, "properties": {"pop": 835, "kontur": 1075, "osm": 2671, "osm_pop": 2076, "osm_norm": 1581}}, {"type": "Feature", "geometry": {"type": "Polygon", "coordinates": [[[19.822520225988594, 45.21755642093732], [19.820115437810152, 45.21300728180607], [19.82472245621002, 45.2093870073336], [19.831734209440885, 45.21031569948319], [19.834139601127305, 45.21486475488418], [19.82953263615029, 45.21848520188057], [19.822520225988594, 45.21755642093732]]]}, "properties": {"pop": 741, "kontur": 954, "osm": 2750, "osm_pop": 2136, "osm_norm": 1628}}, {"type": "Feature", "geometry": {"type": "Polygon", "coordinates": [[[19.82692425198749, 45.20121681631476], [19.824519686142974, 45.19666698866808], [19.829125613443086, 45.19304584813864], [19.836136053118334, 45.193974362754986], [19.83854122214492, 45.198524106643646], [19.833935348389556, 45.20214541968871], [19.82692425198749, 45.20121681631476]]]}, "properties": {"pop": 567, "kontur": 730, "osm": 155, "osm_pop": 121, "osm_norm": 92}}, {"type": "Feature", "geometry": {"type": "Polygon", "coordinates": [[[19.815306687309423, 45.203908231268684], [19.81290272490954, 45.19935831998336], [19.81750925087378, 45.19573778493795], [19.824519686142974, 45.19666698866808], [19.82692425198749, 45.20121681631476], [19.822317779193515, 45.20483752388469], [19.815306687309423, 45.203908231268684]]]}, "properties": {"pop": 430, "kontur": 553, "osm": 62, "osm_pop": 48, "osm_norm": 37}}, {"type": "Feature", "geometry": {"type": "Polygon", "coordinates": [[[19.836340628751042, 45.20669481939352], [19.833935348389556, 45.20214541968871], [19.83854122214492, 45.198524106643646], [19.84555232247883, 45.19945202080733], [19.847958205922573, 45.204001336648666], [19.843352386025558, 45.20762282220453], [19.836340628751042, 45.20669481939352]]]}, "properties": {"pop": 846, "kontur": 1089, "osm": 2477, "osm_pop": 1925, "osm_norm": 1466}}, {"type": "Feature", "geometry": {"type": "Polygon", "coordinates": [[[19.82472245621002, 45.2093870073336], [19.822317779193515, 45.20483752388469], [19.82692425198749, 45.20121681631476], [19.833935348389556, 45.20214541968871], [19.836340628751042, 45.20669481939352], [19.831734209440885, 45.21031569948319], [19.82472245621002, 45.2093870073336]]]}, "properties": {"pop": 641, "kontur": 825, "osm": 1443, "osm_pop": 1121, "osm_norm": 854}}, {"type": "Feature", "geometry": {"type": "Polygon", "coordinates": [[[19.78045043524978, 45.211974706003154], [19.778048284758242, 45.20742454451827], [19.78265660477247, 45.203805826829935], [19.78966702330714, 45.20473709809048], [19.792069778030402, 45.20928717629493], [19.78746151006254, 45.212906066534025], [19.78045043524978, 45.211974706003154]]]}, "properties": {"pop": 357, "kontur": 460, "osm": 1031, "osm_pop": 801, "osm_norm": 610}}, {"type": "Feature", "geometry": {"type": "Polygon", "coordinates": [[[19.801484328658674, 45.214767498068795], [19.799080859119947, 45.210217847489616], [19.803688529020388, 45.20659835132282], [19.810699615800335, 45.207528333212444], [19.813103689209232, 45.21207790028618], [19.808496072043305, 45.21569756899047], [19.801484328658674, 45.214767498068795]]]}, "properties": {"pop": 657, "kontur": 846, "osm": 4085, "osm_pop": 3174, "osm_norm": 2418}}, {"type": "Feature", "geometry": {"type": "Polygon", "coordinates": [[[19.78986437546869, 45.21745580049923], [19.78746151006254, 45.212906066534025], [19.792069778030402, 45.20928717629493], [19.799080859119947, 45.210217847489616], [19.801484328658674, 45.214767498068795], [19.796876113050576, 45.218386560854064], [19.78986437546869, 45.21745580049923]]]}, "properties": {"pop": 148, "kontur": 191, "osm": 483, "osm_pop": 376, "osm_norm": 286}}, {"type": "Feature", "geometry": {"type": "Polygon", "coordinates": [[[19.79427474562864, 45.2011177744658], [19.791872101598425, 45.19656735214201], [19.796479278385515, 45.192947595269594], [19.80348904679575, 45.1938780881977], [19.805892294632397, 45.198428427107814], [19.801285170327645, 45.20204835651824], [19.79427474562864, 45.2011177744658]]]}, "properties": {"pop": 27, "kontur": 35, "osm": 0, "osm_pop": 0, "osm_norm": 0}}, {"type": "Feature", "geometry": {"type": "Polygon", "coordinates": [[[19.78265660477247, 45.203805826829935], [19.780254564810903, 45.19925532121192], [19.78486233924013, 45.19563617013391], [19.791872101598425, 45.19656735214201], [19.79427474562864, 45.2011177744658], [19.78966702330714, 45.20473709809048], [19.78265660477247, 45.203805826829935]]]}, "properties": {"pop": 190, "kontur": 245, "osm": 0, "osm_pop": 0, "osm_norm": 0}}, {"type": "Feature", "geometry": {"type": "Polygon", "coordinates": [[[19.803688529020388, 45.20659835132282], [19.801285170327645, 45.20204835651824], [19.805892294632397, 45.198428427107814], [19.81290272490954, 45.19935831998336], [19.815306687309423, 45.203908231268684], [19.810699615800335, 45.207528333212444], [19.803688529020388, 45.20659835132282]]]}, "properties": {"pop": 279, "kontur": 359, "osm": 845, "osm_pop": 657, "osm_norm": 500}}, {"type": "Feature", "geometry": {"type": "Polygon", "coordinates": [[[19.792069778030402, 45.20928717629493], [19.78966702330714, 45.20473709809048], [19.79427474562864, 45.2011177744658], [19.801285170327645, 45.20204835651824], [19.803688529020388, 45.20659835132282], [19.799080859119947, 45.210217847489616], [19.792069778030402, 45.20928717629493]]]}, "properties": {"pop": 282, "kontur": 363, "osm": 702, "osm_pop": 545, "osm_norm": 416}}, {"type": "Feature", "geometry": {"type": "Polygon", "coordinates": [[[19.83352703387656, 45.1767015813469], [19.831122801608082, 45.17215072182731], [19.835727093098303, 45.16852828324783], [19.842735563205018, 45.16945653169926], [19.845140398167093, 45.17400730741911], [19.840536160404152, 45.17762991850196], [19.83352703387656, 45.1767015813469]]]}, "properties": {"pop": 1, "kontur": 1, "osm": 0, "osm_pop": 0, "osm_norm": 0}}, {"type": "Feature", "geometry": {"type": "Polygon", "coordinates": [[[19.821913074883152, 45.17939456136888], [19.8195094455707, 45.17484361816895], [19.82411433557209, 45.171221784646946], [19.831122801608082, 45.17215072182731], [19.83352703387656, 45.1767015813469], [19.828922197228305, 45.18032358738119], [19.821913074883152, 45.17939456136888]]]}, "properties": {"pop": 1, "kontur": 1, "osm": 0, "osm_pop": 0, "osm_norm": 0}}, {"type": "Feature", "geometry": {"type": "Polygon", "coordinates": [[[19.82411433557209, 45.171221784646946], [19.821710817308894, 45.16667049771582], [19.826315162213138, 45.16304823164464], [19.833322972041845, 45.16397708001101], [19.835727093098303, 45.16852828324783], [19.831122801608082, 45.17215072182731], [19.82411433557209, 45.171221784646946]]]}, "properties": {"pop": 1, "kontur": 1, "osm": 0, "osm_pop": 0, "osm_norm": 0}}, {"type": "Feature", "geometry": {"type": "Polygon", "coordinates": [[[19.779863007049926, 45.17381138482248], [19.777462012989233, 45.169259420641936], [19.7820682033133, 45.16563914276202], [19.789075335794642, 45.166570656538106], [19.791476933534096, 45.17112253748827], [19.786870795188598, 45.17474298790752], [19.779863007049926, 45.17381138482248]]]}, "properties": {"pop": 28, "kontur": 36, "osm": 0, "osm_pop": 0, "osm_norm": 0}}, {"type": "Feature", "geometry": {"type": "Polygon", "coordinates": [[[19.80088703986348, 45.17660490580803], [19.798484727973495, 45.17205345184656], [19.803090268828644, 45.1684323960591], [19.810098068983226, 45.16936262172189], [19.812500984190894, 45.17391399222792], [19.807895496001535, 45.17753522054133], [19.80088703986348, 45.17660490580803]]]}, "properties": {"pop": 13, "kontur": 17, "osm": 0, "osm_pop": 0, "osm_norm": 0}}, {"type": "Feature", "geometry": {"type": "Polygon", "coordinates": [[[19.7820682033133, 45.16563914276202], [19.77966731967077, 45.16108683503503], [19.78427296491856, 45.15746612431371], [19.791279441844164, 45.15839754879867], [19.79368092900258, 45.16294977328133], [19.789075335794642, 45.166570656538106], [19.7820682033133, 45.16563914276202]]]}, "properties": {"pop": 5, "kontur": 6, "osm": 0, "osm_pop": 0, "osm_norm": 0}}, {"type": "Feature", "geometry": {"type": "Polygon", "coordinates": [[[19.803090268828644, 45.1684323960591], [19.800688067672358, 45.16388059845881], [19.805293063440562, 45.16025910997599], [19.812300207713403, 45.161189246586176], [19.814703012024577, 45.165740960717066], [19.810098068983226, 45.16936262172189], [19.803090268828644, 45.1684323960591]]]}, "properties": {"pop": 8, "kontur": 10, "osm": 0, "osm_pop": 0, "osm_norm": 0}}, {"type": "Feature", "geometry": {"type": "Polygon", "coordinates": [[[19.791476933534096, 45.17112253748827], [19.789075335794642, 45.166570656538106], [19.79368092900258, 45.16294977328133], [19.800688067672358, 45.16388059845881], [19.803090268828644, 45.1684323960591], [19.798484727973495, 45.17205345184656], [19.791476933534096, 45.17112253748827]]]}, "properties": {"pop": 13, "kontur": 17, "osm": 0, "osm_pop": 0, "osm_norm": 0}}, {"type": "Feature", "geometry": {"type": "Polygon", "coordinates": [[[19.829125613443086, 45.19304584813864], [19.826721158780582, 45.18849567641423], [19.8313265406988, 45.18487410306328], [19.838336323749225, 45.18580252893999], [19.84074138143093, 45.19035261689253], [19.836136053118334, 45.193974362754986], [19.829125613443086, 45.19304584813864]]]}, "properties": {"pop": 733, "kontur": 943, "osm": 0, "osm_pop": 0, "osm_norm": 0}}, {"type": "Feature", "geometry": {"type": "Polygon", "coordinates": [[[19.85015759687226, 45.195830102438244], [19.8477518249263, 45.19128044242687], [19.852356553928164, 45.18765809138264], [19.859367000657862, 45.18858522786696], [19.86177337526037, 45.193134803881804], [19.85716870055202, 45.19675732742357], [19.85015759687226, 45.195830102438244]]]}, "properties": {"pop": 206, "kontur": 265, "osm": 0, "osm_pop": 0, "osm_norm": 0}}, {"type": "Feature", "geometry": {"type": "Polygon", "coordinates": [[[19.83854122214492, 45.198524106643646], [19.836136053118334, 45.193974362754986], [19.84074138143093, 45.19035261689253], [19.8477518249263, 45.19128044242687], [19.85015759687226, 45.195830102438244], [19.84555232247883, 45.19945202080733], [19.83854122214492, 45.198524106643646]]]}, "properties": {"pop": 836, "kontur": 1076, "osm": 31, "osm_pop": 24, "osm_norm": 18}}, {"type": "Feature", "geometry": {"type": "Polygon", "coordinates": [[[19.8313265406988, 45.18487410306328], [19.828922197228305, 45.18032358738119], [19.83352703387656, 45.1767015813469], [19.840536160404152, 45.17762991850196], [19.842941106731015, 45.182180350398255], [19.838336323749225, 45.18580252893999], [19.8313265406988, 45.18487410306328]]]}, "properties": {"pop": 137, "kontur": 176, "osm": 0, "osm_pop": 0, "osm_norm": 0}}, {"type": "Feature", "geometry": {"type": "Polygon", "coordinates": [[[19.852356553928164, 45.18765809138264], [19.84995089348993, 45.1831080873213], [19.854555077212204, 45.17948530374004], [19.86156486709397, 45.18041235174143], [19.863971130025995, 45.18496227179231], [19.859367000657862, 45.18858522786696], [19.852356553928164, 45.18765809138264]]]}, "properties": {"pop": 45, "kontur": 58, "osm": 0, "osm_pop": 0, "osm_norm": 0}}, {"type": "Feature", "geometry": {"type": "Polygon", "coordinates": [[[19.84074138143093, 45.19035261689253], [19.838336323749225, 45.18580252893999], [19.842941106731015, 45.182180350398255], [19.84995089348993, 45.1831080873213], [19.852356553928164, 45.18765809138264], [19.8477518249263, 45.19128044242687], [19.84074138143093, 45.19035261689253]]]}, "properties": {"pop": 248, "kontur": 319, "osm": 0, "osm_pop": 0, "osm_norm": 0}}, {"type": "Feature", "geometry": {"type": "Polygon", "coordinates": [[[19.796479278385515, 45.192947595269594], [19.79407674505853, 45.188396828946466], [19.798683376423096, 45.184776638964294], [19.805692488646372, 45.18570704278603], [19.8080956256168, 45.190257725681576], [19.80348904679575, 45.1938780881977], [19.796479278385515, 45.192947595269594]]]}, "properties": {"pop": 236, "kontur": 304, "osm": 0, "osm_pop": 0, "osm_norm": 0}}, {"type": "Feature", "geometry": {"type": "Polygon", "coordinates": [[[19.81750925087378, 45.19573778493795], [19.815105399492992, 45.191187529561006], [19.819711380024355, 45.187566561551996], [19.826721158780582, 45.18849567641423], [19.829125613443086, 45.19304584813864], [19.824519686142974, 45.19666698866808], [19.81750925087378, 45.19573778493795]]]}, "properties": {"pop": 245, "kontur": 315, "osm": 0, "osm_pop": 0, "osm_norm": 0}}, {"type": "Feature", "geometry": {"type": "Polygon", "coordinates": [[[19.805892294632397, 45.198428427107814], [19.80348904679575, 45.1938780881977], [19.8080956256168, 45.190257725681576], [19.815105399492992, 45.191187529561006], [19.81750925087378, 45.19573778493795], [19.81290272490954, 45.19935831998336], [19.805892294632397, 45.198428427107814]]]}, "properties": {"pop": 229, "kontur": 295, "osm": 0, "osm_pop": 0, "osm_norm": 0}}, {"type": "Feature", "geometry": {"type": "Polygon", "coordinates": [[[19.798683376423096, 45.184776638964294], [19.796280953809557, 45.18022552876191], [19.80088703986348, 45.17660490580803], [19.807895496001535, 45.17753522054133], [19.81029852209563, 45.182086247302216], [19.805692488646372, 45.18570704278603], [19.798683376423096, 45.184776638964294]]]}, "properties": {"pop": 369, "kontur": 475, "osm": 0, "osm_pop": 0, "osm_norm": 0}}, {"type": "Feature", "geometry": {"type": "Polygon", "coordinates": [[[19.819711380024355, 45.187566561551996], [19.817307639672702, 45.18301596220346], [19.821913074883152, 45.17939456136888], [19.828922197228305, 45.18032358738119], [19.8313265406988, 45.18487410306328], [19.826721158780582, 45.18849567641423], [19.819711380024355, 45.187566561551996]]]}, "properties": {"pop": 415, "kontur": 534, "osm": 0, "osm_pop": 0, "osm_norm": 0}}, {"type": "Feature", "geometry": {"type": "Polygon", "coordinates": [[[19.8080956256168, 45.190257725681576], [19.805692488646372, 45.18570704278603], [19.81029852209563, 45.182086247302216], [19.817307639672702, 45.18301596220346], [19.819711380024355, 45.187566561551996], [19.815105399492992, 45.191187529561006], [19.8080956256168, 45.190257725681576]]]}, "properties": {"pop": 152, "kontur": 196, "osm": 0, "osm_pop": 0, "osm_norm": 0}}, {"type": "Feature", "geometry": {"type": "Polygon", "coordinates": [[[19.68249951122176, 45.21160933073422], [19.68010313781047, 45.207057392694665], [19.684715184678566, 45.20344283160639], [19.69172355617488, 45.20438003595959], [19.69412053568266, 45.20893189175418], [19.68950853767261, 45.21254662545537], [19.68249951122176, 45.21160933073422]]]}, "properties": {"pop": 290, "kontur": 373, "osm": 0, "osm_pop": 0, "osm_norm": 0}}, {"type": "Feature", "geometry": {"type": "Polygon", "coordinates": [[[19.703527268100704, 45.21441992668914], [19.701129573349405, 45.20986849724947], [19.705740976364964, 45.20625315669513], [19.71275002466102, 45.207189072994304], [19.715148325149823, 45.211740419963206], [19.710536971680106, 45.21535593311853], [19.703527268100704, 45.21441992668914]]]}, "properties": {"pop": 518, "kontur": 667, "osm": 0, "osm_pop": 0, "osm_norm": 0}}, {"type": "Feature", "geometry": {"type": "Polygon", "coordinates": [[[19.69190562642513, 45.21709813724601], [19.68950853767261, 45.21254662545537], [19.69412053568266, 45.20893189175418], [19.701129573349405, 45.20986849724947], [19.703527268100704, 45.21441992668914], [19.69891531926147, 45.21803483299928], [19.69190562642513, 45.21709813724601]]]}, "properties": {"pop": 63, "kontur": 81, "osm": 0, "osm_pop": 0, "osm_norm": 0}}, {"type": "Feature", "geometry": {"type": "Polygon", "coordinates": [[[19.696335008423482, 45.200764868010275], [19.69393813817112, 45.196212668331604], [19.69854904477005, 45.19259706627187], [19.70555677240112, 45.19353349130445], [19.70795424832552, 45.19808560860448], [19.703343391021818, 45.20170138326536], [19.696335008423482, 45.200764868010275]]]}, "properties": {"pop": 229, "kontur": 295, "osm": 0, "osm_pop": 0, "osm_norm": 0}}, {"type": "Feature", "geometry": {"type": "Polygon", "coordinates": [[[19.684715184678566, 45.20344283160639], [19.682318920359265, 45.19889054966893], [19.686930421528256, 45.19527555432866], [19.69393813817112, 45.196212668331604], [19.696335008423482, 45.200764868010275], [19.69172355617488, 45.20438003595959], [19.684715184678566, 45.20344283160639]]]}, "properties": {"pop": 101, "kontur": 130, "osm": 0, "osm_pop": 0, "osm_norm": 0}}, {"type": "Feature", "geometry": {"type": "Polygon", "coordinates": [[[19.705740976364964, 45.20625315669513], [19.703343391021818, 45.20170138326536], [19.70795424832552, 45.19808560860448], [19.714962641439456, 45.19902143479119], [19.71736083235678, 45.203573125736405], [19.71275002466102, 45.207189072994304], [19.705740976364964, 45.20625315669513]]]}, "properties": {"pop": 244, "kontur": 314, "osm": 0, "osm_pop": 0, "osm_norm": 0}}, {"type": "Feature", "geometry": {"type": "Polygon", "coordinates": [[[19.69412053568266, 45.20893189175418], [19.69172355617488, 45.20438003595959], [19.696335008423482, 45.200764868010275], [19.703343391021818, 45.20170138326536], [19.705740976364964, 45.20625315669513], [19.701129573349405, 45.20986849724947], [19.69412053568266, 45.20893189175418]]]}, "properties": {"pop": 221, "kontur": 285, "osm": 0, "osm_pop": 0, "osm_norm": 0}}, {"type": "Feature", "geometry": {"type": "Polygon", "coordinates": [[[19.752791524653205, 45.233679210471614], [19.750390363035248, 45.229129571465506], [19.755000969169522, 45.22551293386121], [19.76201268582356, 45.22644576270179], [19.76441445252397, 45.23099531869405], [19.75980389756312, 45.234612128874346], [19.752791524653205, 45.233679210471614]]]}, "properties": {"pop": 219, "kontur": 282, "osm": 75, "osm_pop": 58, "osm_norm": 44}}, {"type": "Feature", "geometry": {"type": "Polygon", "coordinates": [[[19.741168007849932, 45.2363618059021], [19.73876745157645, 45.23181208400173], [19.74337865453065, 45.22819605306824], [19.750390363035248, 45.229129571465506], [19.752791524653205, 45.233679210471614], [19.748180372497277, 45.23729541398947], [19.741168007849932, 45.2363618059021]]]}, "properties": {"pop": 193, "kontur": 249, "osm": 213, "osm_pop": 165, "osm_norm": 126}}, {"type": "Feature", "geometry": {"type": "Polygon", "coordinates": [[[19.745588865271092, 45.220029521729714], [19.743188529047153, 45.215479111120715], [19.74779864019362, 45.211862212143814], [19.754809036717358, 45.21279555121445], [19.757209977959096, 45.217345878901604], [19.752599917734475, 45.22096295045475], [19.745588865271092, 45.220029521729714]]]}, "properties": {"pop": 3, "kontur": 4, "osm": 0, "osm_pop": 0, "osm_norm": 0}}, {"type": "Feature", "geometry": {"type": "Polygon", "coordinates": [[[19.69909854217128, 45.230751131357145], [19.696700628635554, 45.22620039025732], [19.701313123410284, 45.22258591832892], [19.7083234823743, 45.22352201490629], [19.710722001974375, 45.228072673562956], [19.70610955662115, 45.23168731810027], [19.69909854217128, 45.230751131357145]]]}, "properties": {"pop": 36, "kontur": 46, "osm": 0, "osm_pop": 0, "osm_norm": 0}}, {"type": "Feature", "geometry": {"type": "Polygon", "coordinates": [[[19.708508185760998, 45.23623763242121], [19.70610955662115, 45.23168731810027], [19.710722001974375, 45.228072673562956], [19.717733026807995, 45.22900817075644], [19.72013226191422, 45.23355840252823], [19.71551986629556, 45.23717321967049], [19.708508185760998, 45.23623763242121]]]}, "properties": {"pop": 527, "kontur": 679, "osm": 0, "osm_pop": 0, "osm_norm": 0}}, {"type": "Feature", "geometry": {"type": "Polygon", "coordinates": [[[19.712935381729825, 45.21990693599118], [19.710536971680106, 45.21535593311853], [19.715148325149823, 45.211740419963206], [19.722158038885613, 45.212675737098536], [19.724557054574838, 45.217226657394555], [19.71994575096388, 45.220842343146714], [19.712935381729825, 45.21990693599118]]]}, "properties": {"pop": 938, "kontur": 1208, "osm": 0, "osm_pop": 0, "osm_norm": 0}}, {"type": "Feature", "geometry": {"type": "Polygon", "coordinates": [[[19.701313123410284, 45.22258591832892], [19.69891531926147, 45.21803483299928], [19.703527268100704, 45.21441992668914], [19.710536971680106, 45.21535593311853], [19.712935381729825, 45.21990693599118], [19.7083234823743, 45.22352201490629], [19.701313123410284, 45.22258591832892]]]}, "properties": {"pop": 2, "kontur": 3, "osm": 0, "osm_pop": 0, "osm_norm": 0}}, {"type": "Feature", "geometry": {"type": "Polygon", "coordinates": [[[19.722344876366865, 45.225392919240484], [19.71994575096388, 45.220842343146714], [19.724557054574838, 45.217226657394555], [19.731567433492113, 45.218161375158246], [19.73396716443644, 45.22271186856943], [19.729355910997253, 45.226327726914334], [19.722344876366865, 45.225392919240484]]]}, "properties": {"pop": 1, "kontur": 1, "osm": 0, "osm_pop": 0, "osm_norm": 0}}, {"type": "Feature", "geometry": {"type": "Polygon", "coordinates": [[[19.710722001974375, 45.228072673562956], [19.7083234823743, 45.22352201490629], [19.712935381729825, 45.21990693599118], [19.71994575096388, 45.220842343146714], [19.722344876366865, 45.225392919240484], [19.717733026807995, 45.22900817075644], [19.710722001974375, 45.228072673562956]]]}, "properties": {"pop": 315, "kontur": 406, "osm": 0, "osm_pop": 0, "osm_norm": 0}}, {"type": "Feature", "geometry": {"type": "Polygon", "coordinates": [[[19.73119097295475, 45.19272320308187], [19.72879228646982, 45.18817125089845], [19.73340140740777, 45.18455382957823], [19.74040916448636, 45.18548818787934], [19.742808455859546, 45.190040057324836], [19.73819938534096, 45.193657651221905], [19.73119097295475, 45.19272320308187]]]}, "properties": {"pop": 3, "kontur": 4, "osm": 0, "osm_pop": 0, "osm_norm": 0}}, {"type": "Feature", "geometry": {"type": "Polygon", "coordinates": [[[19.752216883074166, 45.19552525926009], [19.749816877002615, 45.1909738164869], [19.75442535127669, 45.18735561647774], [19.761433780590572, 45.188288686692374], [19.763834391190358, 45.19284004650218], [19.75922596802316, 45.19645841907554], [19.752216883074166, 45.19552525926009]]]}, "properties": {"pop": 28, "kontur": 36, "osm": 0, "osm_pop": 0, "osm_norm": 0}}, {"type": "Feature", "geometry": {"type": "Polygon", "coordinates": [[[19.740598786622602, 45.198209176838795], [19.73819938534096, 45.193657651221905], [19.742808455859546, 45.190040057324836], [19.749816877002615, 45.1909738164869], [19.752216883074166, 45.19552525926009], [19.747607863287826, 45.199143025729654], [19.740598786622602, 45.198209176838795]]]}, "properties": {"pop": 150, "kontur": 193, "osm": 0, "osm_pop": 0, "osm_norm": 0}}, {"type": "Feature", "geometry": {"type": "Polygon", "coordinates": [[[19.75442535127669, 45.18735561647774], [19.75202545527672, 45.18280382988985], [19.75663338415033, 45.17918519647905], [19.763641157930554, 45.180118177110636], [19.76604165829572, 45.184669880721316], [19.761433780590572, 45.188288686692374], [19.75442535127669, 45.18735561647774]]]}, "properties": {"pop": 5, "kontur": 6, "osm": 0, "osm_pop": 0, "osm_norm": 0}}, {"type": "Feature", "geometry": {"type": "Polygon", "coordinates": [[[19.69854904477005, 45.19259706627187], [19.696152283783732, 45.18804452282919], [19.70076264484472, 45.18442848679676], [19.70776971760964, 45.1853648216246], [19.710167084104743, 45.18991728267479], [19.70555677240112, 45.19353349130445], [19.69854904477005, 45.19259706627187]]]}, "properties": {"pop": 17, "kontur": 22, "osm": 0, "osm_pop": 0, "osm_norm": 0}}, {"type": "Feature", "geometry": {"type": "Polygon", "coordinates": [[[19.719572903473043, 45.195405053568386], [19.717174822137746, 45.19085301876683], [19.721784538620977, 45.18723620371697], [19.72879228646982, 45.18817125089845], [19.73119097295475, 45.19272320308187], [19.72658130651624, 45.19634019071674], [19.719572903473043, 45.195405053568386]]]}, "properties": {"pop": 804, "kontur": 1035, "osm": 0, "osm_pop": 0, "osm_norm": 0}}, {"type": "Feature", "geometry": {"type": "Polygon", "coordinates": [[[19.70795424832552, 45.19808560860448], [19.70555677240112, 45.19353349130445], [19.710167084104743, 45.18991728267479], [19.717174822137746, 45.19085301876683], [19.719572903473043, 45.195405053568386], [19.714962641439456, 45.19902143479119], [19.70795424832552, 45.19808560860448]]]}, "properties": {"pop": 51, "kontur": 66, "osm": 0, "osm_pop": 0, "osm_norm": 0}}, {"type": "Feature", "geometry": {"type": "Polygon", "coordinates": [[[19.71237948382491, 45.18174817916398], [19.70998222676972, 45.17719537448374], [19.714591447608363, 45.173578298330014], [19.721597875783143, 45.174513854286], [19.72399573792284, 45.17906657644], [19.719386566878217, 45.1826838251791], [19.71237948382491, 45.18174817916398]]]}, "properties": {"pop": 45, "kontur": 58, "osm": 0, "osm_pop": 0, "osm_norm": 0}}, {"type": "Feature", "geometry": {"type": "Polygon", "coordinates": [[[19.70076264484472, 45.18442848679676], [19.69836599313506, 45.179875599710094], [19.702975808769835, 45.17625912984292], [19.70998222676972, 45.17719537448374], [19.71237948382491, 45.18174817916398], [19.70776971760964, 45.1853648216246], [19.70076264484472, 45.18442848679676]]]}, "properties": {"pop": 1, "kontur": 1, "osm": 0, "osm_pop": 0, "osm_norm": 0}}, {"type": "Feature", "geometry": {"type": "Polygon", "coordinates": [[[19.721784538620977, 45.18723620371697], [19.719386566878217, 45.1826838251791], [19.72399573792284, 45.17906657644], [19.731002830678555, 45.18000153367244], [19.73340140740777, 45.18455382957823], [19.72879228646982, 45.18817125089845], [19.721784538620977, 45.18723620371697]]]}, "properties": {"pop": 262, "kontur": 337, "osm": 0, "osm_pop": 0, "osm_norm": 0}}, {"type": "Feature", "geometry": {"type": "Polygon", "coordinates": [[[19.710167084104743, 45.18991728267479], [19.70776971760964, 45.1853648216246], [19.71237948382491, 45.18174817916398], [19.719386566878217, 45.1826838251791], [19.721784538620977, 45.18723620371697], [19.717174822137746, 45.19085301876683], [19.710167084104743, 45.18991728267479]]]}, "properties": {"pop": 56, "kontur": 72, "osm": 0, "osm_pop": 0, "osm_norm": 0}}, {"type": "Feature", "geometry": {"type": "Polygon", "coordinates": [[[19.74779864019362, 45.211862212143814], [19.74539841401008, 45.20731145736019], [19.75000797942055, 45.203694124568045], [19.75701772010615, 45.20462737400218], [19.759418551144275, 45.20917804585016], [19.754809036717358, 45.21279555121445], [19.74779864019362, 45.211862212143814]]]}, "properties": {"pop": 206, "kontur": 265, "osm": 672, "osm_pop": 522, "osm_norm": 398}}, {"type": "Feature", "geometry": {"type": "Polygon", "coordinates": [[[19.768830501589047, 45.214660940265794], [19.766428955591394, 45.210110695619996], [19.771037872974155, 45.20649258401852], [19.778048284758242, 45.20742454451827], [19.78045043524978, 45.211974706003154], [19.775841569538596, 45.215592990163934], [19.768830501589047, 45.214660940265794]]]}, "properties": {"pop": 274, "kontur": 353, "osm": 1312, "osm_pop": 1019, "osm_norm": 777}}, {"type": "Feature", "geometry": {"type": "Polygon", "coordinates": [[[19.757209977959096, 45.217345878901604], [19.754809036717358, 45.21279555121445], [19.759418551144275, 45.20917804585016], [19.766428955591394, 45.210110695619996], [19.768830501589047, 45.214660940265794], [19.764221038458874, 45.21827861819787], [19.757209977959096, 45.217345878901604]]]}, "properties": {"pop": 3, "kontur": 4, "osm": 0, "osm_pop": 0, "osm_norm": 0}}, {"type": "Feature", "geometry": {"type": "Polygon", "coordinates": [[[19.76162668884728, 45.20100943496445], [19.75922596802316, 45.19645841907554], [19.763834391190358, 45.19284004650218], [19.770843483836952, 45.19377251727283], [19.77324480909063, 45.19832345009268], [19.768636437343343, 45.20194199522574], [19.76162668884728, 45.20100943496445]]]}, "properties": {"pop": 126, "kontur": 162, "osm": 405, "osm_pop": 315, "osm_norm": 240}}, {"type": "Feature", "geometry": {"type": "Polygon", "coordinates": [[[19.75000797942055, 45.203694124568045], [19.747607863287826, 45.199143025729654], [19.752216883074166, 45.19552525926009], [19.75922596802316, 45.19645841907554], [19.76162668884728, 45.20100943496445], [19.75701772010615, 45.20462737400218], [19.75000797942055, 45.203694124568045]]]}, "properties": {"pop": 67, "kontur": 86, "osm": 254, "osm_pop": 197, "osm_norm": 150}}, {"type": "Feature", "geometry": {"type": "Polygon", "coordinates": [[[19.771037872974155, 45.20649258401852], [19.768636437343343, 45.20194199522574], [19.77324480909063, 45.19832345009268], [19.780254564810903, 45.19925532121192], [19.78265660477247, 45.203805826829935], [19.778048284758242, 45.20742454451827], [19.771037872974155, 45.20649258401852]]]}, "properties": {"pop": 397, "kontur": 511, "osm": 1140, "osm_pop": 886, "osm_norm": 675}}, {"type": "Feature", "geometry": {"type": "Polygon", "coordinates": [[[19.759418551144275, 45.20917804585016], [19.75701772010615, 45.20462737400218], [19.76162668884728, 45.20100943496445], [19.768636437343343, 45.20194199522574], [19.771037872974155, 45.20649258401852], [19.766428955591394, 45.210110695619996], [19.759418551144275, 45.20917804585016]]]}, "properties": {"pop": 464, "kontur": 597, "osm": 2774, "osm_pop": 2155, "osm_norm": 1642}}, {"type": "Feature", "geometry": {"type": "Polygon", "coordinates": [[[19.715148325149823, 45.211740419963206], [19.71275002466102, 45.207189072994304], [19.71736083235678, 45.203573125736405], [19.724369890695627, 45.20450835286936], [19.726768796660583, 45.20905961724776], [19.722158038885613, 45.212675737098536], [19.715148325149823, 45.211740419963206]]]}, "properties": {"pop": 1655, "kontur": 2131, "osm": 0, "osm_pop": 0, "osm_norm": 0}}, {"type": "Feature", "geometry": {"type": "Polygon", "coordinates": [[[19.736178141033346, 45.214545082718736], [19.733778519966126, 45.2099942451191], [19.738388681721286, 45.206377518722654], [19.74539841401008, 45.20731145736019], [19.74779864019362, 45.211862212143814], [19.743188529047153, 45.215479111120715], [19.736178141033346, 45.214545082718736]]]}, "properties": {"pop": 244, "kontur": 314, "osm": 471, "osm_pop": 366, "osm_norm": 279}}, {"type": "Feature", "geometry": {"type": "Polygon", "coordinates": [[[19.724557054574838, 45.217226657394555], [19.722158038885613, 45.212675737098536], [19.726768796660583, 45.20905961724776], [19.733778519966126, 45.2099942451191], [19.736178141033346, 45.214545082718736], [19.731567433492113, 45.218161375158246], [19.724557054574838, 45.217226657394555]]]}, "properties": {"pop": 61, "kontur": 79, "osm": 0, "osm_pop": 0, "osm_norm": 0}}, {"type": "Feature", "geometry": {"type": "Polygon", "coordinates": [[[19.728980102746437, 45.20089179905765], [19.72658130651624, 45.19634019071674], [19.73119097295475, 45.19272320308187], [19.73819938534096, 45.193657651221905], [19.740598786622602, 45.198209176838795], [19.735989170541657, 45.20182633705443], [19.728980102746437, 45.20089179905765]]]}, "properties": {"pop": 15, "kontur": 19, "osm": 0, "osm_pop": 0, "osm_norm": 0}}, {"type": "Feature", "geometry": {"type": "Polygon", "coordinates": [[[19.71736083235678, 45.203573125736405], [19.714962641439456, 45.19902143479119], [19.719572903473043, 45.195405053568386], [19.72658130651624, 45.19634019071674], [19.728980102746437, 45.20089179905765], [19.724369890695627, 45.20450835286936], [19.71736083235678, 45.203573125736405]]]}, "properties": {"pop": 895, "kontur": 1152, "osm": 0, "osm_pop": 0, "osm_norm": 0}}, {"type": "Feature", "geometry": {"type": "Polygon", "coordinates": [[[19.738388681721286, 45.206377518722654], [19.735989170541657, 45.20182633705443], [19.740598786622602, 45.198209176838795], [19.747607863287826, 45.199143025729654], [19.75000797942055, 45.203694124568045], [19.74539841401008, 45.20731145736019], [19.738388681721286, 45.206377518722654]]]}, "properties": {"pop": 369, "kontur": 475, "osm": 310, "osm_pop": 241, "osm_norm": 184}}, {"type": "Feature", "geometry": {"type": "Polygon", "coordinates": [[[19.726768796660583, 45.20905961724776], [19.724369890695627, 45.20450835286936], [19.728980102746437, 45.20089179905765], [19.735989170541657, 45.20182633705443], [19.738388681721286, 45.206377518722654], [19.733778519966126, 45.2099942451191], [19.726768796660583, 45.20905961724776]]]}, "properties": {"pop": 620, "kontur": 798, "osm": 706, "osm_pop": 549, "osm_norm": 418}}, {"type": "Feature", "geometry": {"type": "Polygon", "coordinates": [[[19.829736242702047, 45.231202293056924], [19.82733062839573, 45.22665392662311], [19.831938139151678, 45.22303391285784], [19.838951210613654, 45.22396209301767], [19.841357428491182, 45.22851037562946], [19.836749971410935, 45.23213056191817], [19.829736242702047, 45.231202293056924]]]}, "properties": {"pop": 401, "kontur": 516, "osm": 312, "osm_pop": 243, "osm_norm": 185}}, {"type": "Feature", "geometry": {"type": "Polygon", "coordinates": [[[19.850778093799544, 45.233985808834134], [19.848371160992752, 45.22943795479918], [19.85297801818263, 45.22581716276915], [19.859991753890238, 45.226744052279244], [19.86239928990509, 45.23129182226761], [19.85779248707976, 45.23491278680716], [19.850778093799544, 45.233985808834134]]]}, "properties": {"pop": 293, "kontur": 377, "osm": 1501, "osm_pop": 1166, "osm_norm": 889}}, {"type": "Feature", "geometry": {"type": "Polygon", "coordinates": [[[19.83915630074648, 45.23667849988061], [19.836749971410935, 45.23213056191817], [19.841357428491182, 45.22851037562946], [19.848371160992752, 45.22943795479918], [19.850778093799544, 45.233985808834134], [19.846170690708984, 45.23760616764155], [19.83915630074648, 45.23667849988061]]]}, "properties": {"pop": 1225, "kontur": 1577, "osm": 2209, "osm_pop": 1715, "osm_norm": 1308}}, {"type": "Feature", "geometry": {"type": "Polygon", "coordinates": [[[19.843558121854052, 45.22034147350204], [19.8411520154445, 45.21579284636054], [19.845758380957175, 45.212171793755886], [19.85277079884349, 45.21309919579729], [19.85517750839824, 45.217647738983764], [19.85057119699692, 45.22126896409855], [19.843558121854052, 45.22034147350204]]]}, "properties": {"pop": 1008, "kontur": 1297, "osm": 7250, "osm_pop": 5633, "osm_norm": 4292}}, {"type": "Feature", "geometry": {"type": "Polygon", "coordinates": [[[19.831938139151678, 45.22303391285784], [19.82953263615029, 45.21848520188057], [19.834139601127305, 45.21486475488418], [19.8411520154445, 45.21579284636054], [19.843558121854052, 45.22034147350204], [19.838951210613654, 45.22396209301767], [19.831938139151678, 45.22303391285784]]]}, "properties": {"pop": 1190, "kontur": 1532, "osm": 6042, "osm_pop": 4694, "osm_norm": 3577}}, {"type": "Feature", "geometry": {"type": "Polygon", "coordinates": [[[19.85297801818263, 45.22581716276915], [19.85057119699692, 45.22126896409855], [19.85517750839824, 45.217647738983764], [19.86219058663551, 45.21857454004897], [19.864598010866303, 45.223122654659186], [19.859991753890238, 45.226744052279244], [19.85297801818263, 45.22581716276915]]]}, "properties": {"pop": 1059, "kontur": 1363, "osm": 8644, "osm_pop": 6715, "osm_norm": 5117}}, {"type": "Feature", "geometry": {"type": "Polygon", "coordinates": [[[19.841357428491182, 45.22851037562946], [19.838951210613654, 45.22396209301767], [19.843558121854052, 45.22034147350204], [19.85057119699692, 45.22126896409855], [19.85297801818263, 45.22581716276915], [19.848371160992752, 45.22943795479918], [19.841357428491182, 45.22851037562946]]]}, "properties": {"pop": 1074, "kontur": 1383, "osm": 6924, "osm_pop": 5379, "osm_norm": 4099}}, {"type": "Feature", "geometry": {"type": "Polygon", "coordinates": [[[19.879048343456393, 45.250405926868524], [19.876639265544327, 45.24585935983169], [19.88124595869797, 45.242238050287554], [19.88826167453191, 45.24316313529998], [19.890671355350676, 45.2477096179741], [19.88606471750441, 45.25133110001321], [19.879048343456393, 45.250405926868524]]]}, "properties": {"pop": 1419, "kontur": 1827, "osm": 8651, "osm_pop": 6718, "osm_norm": 5121}}, {"type": "Feature", "geometry": {"type": "Polygon", "coordinates": [[[19.900098126561826, 45.253180154222036], [19.897687730703293, 45.24863410107488], [19.90229376683626, 45.24501201348301], [19.909310142906538, 45.2459358065725], [19.911721141307044, 45.250481775132755], [19.90711516117098, 45.25410403520505], [19.900098126561826, 45.253180154222036]]]}, "properties": {"pop": 36, "kontur": 46, "osm": 0, "osm_pop": 0, "osm_norm": 0}}, {"type": "Feature", "geometry": {"type": "Polygon", "coordinates": [[[19.88847451055702, 45.25587723762829], [19.88606471750441, 45.25133110001321], [19.890671355350676, 45.2477096179741], [19.897687730703293, 45.24863410107488], [19.900098126561826, 45.253180154222036], [19.89549154433747, 45.25680180875107], [19.88847451055702, 45.25587723762829]]]}, "properties": {"pop": 68, "kontur": 88, "osm": 28, "osm_pop": 22, "osm_norm": 17}}, {"type": "Feature", "geometry": {"type": "Polygon", "coordinates": [[[19.892867766347212, 45.239541220193594], [19.89045819777206, 45.23499439257998], [19.895063743668643, 45.231372044543996], [19.90207880247339, 45.232296351655286], [19.90448897352852, 45.236843094773505], [19.899883483374612, 45.24046561529053], [19.892867766347212, 45.239541220193594]]]}, "properties": {"pop": 164, "kontur": 211, "osm": 749, "osm_pop": 582, "osm_norm": 443}}, {"type": "Feature", "geometry": {"type": "Polygon", "coordinates": [[[19.88124595869797, 45.242238050287554], [19.878836992866493, 45.237691138297535], [19.883443140049668, 45.23406939568161], [19.89045819777206, 45.23499439257998], [19.892867766347212, 45.239541220193594], [19.88826167453191, 45.24316313529998], [19.88124595869797, 45.242238050287554]]]}, "properties": {"pop": 1705, "kontur": 2195, "osm": 10004, "osm_pop": 7770, "osm_norm": 5922}}, {"type": "Feature", "geometry": {"type": "Polygon", "coordinates": [[[19.890671355350676, 45.2477096179741], [19.88826167453191, 45.24316313529998], [19.892867766347212, 45.239541220193594], [19.899883483374612, 45.24046561529053], [19.90229376683626, 45.24501201348301], [19.897687730703293, 45.24863410107488], [19.890671355350676, 45.2477096179741]]]}, "properties": {"pop": 495, "kontur": 637, "osm": 2095, "osm_pop": 1627, "osm_norm": 1240}}, {"type": "Feature", "geometry": {"type": "Polygon", "coordinates": [[[19.846376942042568, 45.250320766773264], [19.84396978602346, 45.245773602368445], [19.848577735126902, 45.24215367692124], [19.855592786082006, 45.24308074337535], [19.858000545635342, 45.247627823761], [19.8533926507749, 45.25124792172648], [19.846376942042568, 45.250320766773264]]]}, "properties": {"pop": 3868, "kontur": 4981, "osm": 13242, "osm_pop": 10283, "osm_norm": 7839}}, {"type": "Feature", "geometry": {"type": "Polygon", "coordinates": [[[19.86742473206355, 45.253100939982225], [19.865016257321862, 45.24855428870177], [19.869623551490633, 45.24493358487131], [19.876639265544327, 45.24585935983169], [19.879048343456393, 45.250405926868524], [19.874441104219997, 45.25402680320326], [19.86742473206355, 45.253100939982225]]]}, "properties": {"pop": 1194, "kontur": 1538, "osm": 8005, "osm_pop": 6216, "osm_norm": 4739}}, {"type": "Feature", "geometry": {"type": "Polygon", "coordinates": [[[19.855800522082642, 45.255794657131524], [19.8533926507749, 45.25124792172648], [19.858000545635342, 45.247627823761], [19.865016257321862, 45.24855428870177], [19.86742473206355, 45.253100939982225], [19.86281689176037, 45.256721210461244], [19.855800522082642, 45.255794657131524]]]}, "properties": {"pop": 886, "kontur": 1141, "osm": 3782, "osm_pop": 2937, "osm_norm": 2239}}, {"type": "Feature", "geometry": {"type": "Polygon", "coordinates": [[[19.860200134868794, 45.23946021205398], [19.85779248707976, 45.23491278680716], [19.86239928990509, 45.23129182226761], [19.869413685916292, 45.23221811048479], [19.87182193681309, 45.23676545157958], [19.86721518866648, 45.24038658862391], [19.860200134868794, 45.23946021205398]]]}, "properties": {"pop": 897, "kontur": 1155, "osm": 3128, "osm_pop": 2429, "osm_norm": 1852}}, {"type": "Feature", "geometry": {"type": "Polygon", "coordinates": [[[19.848577735126902, 45.24215367692124], [19.846170690708984, 45.23760616764155], [19.850778093799544, 45.233985808834134], [19.85779248707976, 45.23491278680716], [19.860200134868794, 45.23946021205398], [19.855592786082006, 45.24308074337535], [19.848577735126902, 45.24215367692124]]]}, "properties": {"pop": 1236, "kontur": 1592, "osm": 6256, "osm_pop": 4859, "osm_norm": 3703}}, {"type": "Feature", "geometry": {"type": "Polygon", "coordinates": [[[19.869623551490633, 45.24493358487131], [19.86721518866648, 45.24038658862391], [19.87182193681309, 45.23676545157958], [19.878836992866493, 45.237691138297535], [19.88124595869797, 45.242238050287554], [19.876639265544327, 45.24585935983169], [19.869623551490633, 45.24493358487131]]]}, "properties": {"pop": 964, "kontur": 1241, "osm": 4364, "osm_pop": 3389, "osm_norm": 2583}}, {"type": "Feature", "geometry": {"type": "Polygon", "coordinates": [[[19.858000545635342, 45.247627823761], [19.855592786082006, 45.24308074337535], [19.860200134868794, 45.23946021205398], [19.86721518866648, 45.24038658862391], [19.869623551490633, 45.24493358487131], [19.865016257321862, 45.24855428870177], [19.858000545635342, 45.247627823761]]]}, "properties": {"pop": 204, "kontur": 263, "osm": 630, "osm_pop": 490, "osm_norm": 373}}, {"type": "Feature", "geometry": {"type": "Polygon", "coordinates": [[[19.878414489373256, 45.21225638519304], [19.876006574317437, 45.20770801027412], [19.880611139497532, 45.204085141752294], [19.88762356457393, 45.2050104756816], [19.89003208198538, 45.209558766288005], [19.885427572040324, 45.21318180729227], [19.878414489373256, 45.21225638519304]]]}, "properties": {"pop": 80, "kontur": 103, "osm": 37, "osm_pop": 28, "osm_norm": 22}}, {"type": "Feature", "geometry": {"type": "Polygon", "coordinates": [[[19.899454397774115, 45.21503136066725], [19.89704516598802, 45.21048349895302], [19.90164907480196, 45.20685985295541], [19.90866215955406, 45.207783896218835], [19.911071993331607, 45.212331673396314], [19.906468140441206, 45.21595549186179], [19.899454397774115, 45.21503136066725]]]}, "properties": {"pop": 569, "kontur": 732, "osm": 832, "osm_pop": 646, "osm_norm": 493}}, {"type": "Feature", "geometry": {"type": "Polygon", "coordinates": [[[19.88783620157141, 45.21772975342428], [19.885427572040324, 45.21318180729227], [19.89003208198538, 45.209558766288005], [19.89704516598802, 45.21048349895302], [19.899454397774115, 45.21503136066725], [19.89484994337816, 45.2186545741489], [19.88783620157141, 45.21772975342428]]]}, "properties": {"pop": 498, "kontur": 641, "osm": 770, "osm_pop": 598, "osm_norm": 456}}, {"type": "Feature", "geometry": {"type": "Polygon", "coordinates": [[[19.89222752899731, 45.201387002157084], [19.889819123715238, 45.196838367196115], [19.894422542729057, 45.19321446128943], [19.901434311430783, 45.1941390178896], [19.90384331864238, 45.198687568405106], [19.89923995529828, 45.20231164678059], [19.89222752899731, 45.201387002157084]]]}, "properties": {"pop": 792, "kontur": 1019, "osm": 372, "osm_pop": 289, "osm_norm": 220}}, {"type": "Feature", "geometry": {"type": "Polygon", "coordinates": [[[19.880611139497532, 45.204085141752294], [19.878203336408298, 45.199536422464995], [19.882807356127113, 45.195913121418705], [19.889819123715238, 45.196838367196115], [19.89222752899731, 45.201387002157084], [19.88762356457393, 45.2050104756816], [19.880611139497532, 45.204085141752294]]]}, "properties": {"pop": 684, "kontur": 880, "osm": 323, "osm_pop": 251, "osm_norm": 191}}, {"type": "Feature", "geometry": {"type": "Polygon", "coordinates": [[[19.90164907480196, 45.20685985295541], [19.89923995529828, 45.20231164678059], [19.90384331864238, 45.198687568405106], [19.91085574558197, 45.19961152375556], [19.913265466914368, 45.20415964537978], [19.90866215955406, 45.207783896218835], [19.90164907480196, 45.20685985295541]]]}, "properties": {"pop": 189, "kontur": 243, "osm": 526, "osm_pop": 409, "osm_norm": 311}}, {"type": "Feature", "geometry": {"type": "Polygon", "coordinates": [[[19.89003208198538, 45.209558766288005], [19.88762356457393, 45.2050104756816], [19.89222752899731, 45.201387002157084], [19.89923995529828, 45.20231164678059], [19.90164907480196, 45.20685985295541], [19.89704516598802, 45.21048349895302], [19.89003208198538, 45.209558766288005]]]}, "properties": {"pop": 651, "kontur": 838, "osm": 1019, "osm_pop": 792, "osm_norm": 603}}, {"type": "Feature", "geometry": {"type": "Polygon", "coordinates": [[[19.845758380957175, 45.212171793755886], [19.843352386025558, 45.20762282220453], [19.847958205922573, 45.204001336648666], [19.85496996665455, 45.20492865015299], [19.857376564568415, 45.209477537735545], [19.85277079884349, 45.21309919579729], [19.845758380957175, 45.212171793755886]]]}, "properties": {"pop": 1026, "kontur": 1320, "osm": 3714, "osm_pop": 2885, "osm_norm": 2199}}, {"type": "Feature", "geometry": {"type": "Polygon", "coordinates": [[[19.866796297874465, 45.214952709486234], [19.864388985437618, 45.21040425037396], [19.86899415105161, 45.20678198700646], [19.876006574317437, 45.20770801027412], [19.878414489373256, 45.21225638519304], [19.873809378619786, 45.21587882105233], [19.866796297874465, 45.214952709486234]]]}, "properties": {"pop": 485, "kontur": 624, "osm": 191, "osm_pop": 149, "osm_norm": 113}}, {"type": "Feature", "geometry": {"type": "Polygon", "coordinates": [[[19.85517750839824, 45.217647738983764], [19.85277079884349, 45.21309919579729], [19.857376564568415, 45.209477537735545], [19.864388985437618, 45.21040425037396], [19.866796297874465, 45.214952709486234], [19.86219058663551, 45.21857454004897], [19.85517750839824, 45.217647738983764]]]}, "properties": {"pop": 226, "kontur": 291, "osm": 709, "osm_pop": 551, "osm_norm": 420}}, {"type": "Feature", "geometry": {"type": "Polygon", "coordinates": [[[19.859575186815142, 45.20130655928223], [19.85716870055202, 45.19675732742357], [19.86177337526037, 45.193134803881804], [19.868784481700065, 45.19406133972089], [19.87119157051961, 45.19861048747765], [19.866586950418476, 45.202233183511964], [19.859575186815142, 45.20130655928223]]]}, "properties": {"pop": 20, "kontur": 26, "osm": 0, "osm_pop": 0, "osm_norm": 0}}, {"type": "Feature", "geometry": {"type": "Polygon", "coordinates": [[[19.847958205922573, 45.204001336648666], [19.84555232247883, 45.19945202080733], [19.85015759687226, 45.195830102438244], [19.85716870055202, 45.19675732742357], [19.859575186815142, 45.20130655928223], [19.85496996665455, 45.20492865015299], [19.847958205922573, 45.204001336648666]]]}, "properties": {"pop": 429, "kontur": 552, "osm": 971, "osm_pop": 754, "osm_norm": 575}}, {"type": "Feature", "geometry": {"type": "Polygon", "coordinates": [[[19.86899415105161, 45.20678198700646], [19.866586950418476, 45.202233183511964], [19.87119157051961, 45.19861048747765], [19.878203336408298, 45.199536422464995], [19.880611139497532, 45.204085141752294], [19.876006574317437, 45.20770801027412], [19.86899415105161, 45.20678198700646]]]}, "properties": {"pop": 64, "kontur": 82, "osm": 0, "osm_pop": 0, "osm_norm": 0}}, {"type": "Feature", "geometry": {"type": "Polygon", "coordinates": [[[19.857376564568415, 45.209477537735545], [19.85496996665455, 45.20492865015299], [19.859575186815142, 45.20130655928223], [19.866586950418476, 45.202233183511964], [19.86899415105161, 45.20678198700646], [19.864388985437618, 45.21040425037396], [19.857376564568415, 45.209477537735545]]]}, "properties": {"pop": 231, "kontur": 297, "osm": 17, "osm_pop": 13, "osm_norm": 10}}, {"type": "Feature", "geometry": {"type": "Polygon", "coordinates": [[[19.895063743668643, 45.231372044543996], [19.892654287346808, 45.226824872110434], [19.89725928743697, 45.22320209128268], [19.904273688121624, 45.22412631042653], [19.90668374676054, 45.22867339835089], [19.90207880247339, 45.232296351655286], [19.895063743668643, 45.231372044543996]]]}, "properties": {"pop": 271, "kontur": 349, "osm": 979, "osm_pop": 761, "osm_norm": 580}}, {"type": "Feature", "geometry": {"type": "Polygon", "coordinates": [[[19.908878086654266, 45.22050292447263], [19.906468140441206, 45.21595549186179], [19.911071993331607, 45.212331673396314], [19.918085736272843, 45.21325511509362], [19.920496284376398, 45.21780246306252], [19.915892487723834, 45.221426453990674], [19.908878086654266, 45.22050292447263]]]}, "properties": {"pop": 98, "kontur": 126, "osm": 159, "osm_pop": 123, "osm_norm": 94}}, {"type": "Feature", "geometry": {"type": "Polygon", "coordinates": [[[19.89725928743697, 45.22320209128268], [19.89484994337816, 45.2186545741489], [19.899454397774115, 45.21503136066725], [19.906468140441206, 45.21595549186179], [19.908878086654266, 45.22050292447263], [19.904273688121624, 45.22412631042653], [19.89725928743697, 45.22320209128268]]]}, "properties": {"pop": 555, "kontur": 714, "osm": 1962, "osm_pop": 1525, "osm_norm": 1161}}, {"type": "Feature", "geometry": {"type": "Polygon", "coordinates": [[[19.86239928990509, 45.23129182226761], [19.859991753890238, 45.226744052279244], [19.864598010866303, 45.223122654659186], [19.87161174919338, 45.22404885454175], [19.87401988815301, 45.22859654036431], [19.869413685916292, 45.23221811048479], [19.86239928990509, 45.23129182226761]]]}, "properties": {"pop": 142, "kontur": 183, "osm": 620, "osm_pop": 481, "osm_norm": 367}}, {"type": "Feature", "geometry": {"type": "Polygon", "coordinates": [[[19.883443140049668, 45.23406939568161], [19.88103428630854, 45.22952213885793], [19.885639887633477, 45.22589996330801], [19.892654287346808, 45.226824872110434], [19.895063743668643, 45.231372044543996], [19.89045819777206, 45.23499439257998], [19.883443140049668, 45.23406939568161]]]}, "properties": {"pop": 1348, "kontur": 1735, "osm": 4502, "osm_pop": 3497, "osm_norm": 2665}}, {"type": "Feature", "geometry": {"type": "Polygon", "coordinates": [[[19.87182193681309, 45.23676545157958], [19.869413685916292, 45.23221811048479], [19.87401988815301, 45.22859654036431], [19.88103428630854, 45.22952213885793], [19.883443140049668, 45.23406939568161], [19.878836992866493, 45.237691138297535], [19.87182193681309, 45.23676545157958]]]}, "properties": {"pop": 521, "kontur": 671, "osm": 1955, "osm_pop": 1519, "osm_norm": 1157}}, {"type": "Feature", "geometry": {"type": "Polygon", "coordinates": [[[19.876217405632392, 45.220426851482955], [19.873809378619786, 45.21587882105233], [19.878414489373256, 45.21225638519304], [19.885427572040324, 45.21318180729227], [19.88783620157141, 45.21772975342428], [19.883231145992507, 45.22135236177032], [19.876217405632392, 45.220426851482955]]]}, "properties": {"pop": 558, "kontur": 718, "osm": 1110, "osm_pop": 862, "osm_norm": 657}}, {"type": "Feature", "geometry": {"type": "Polygon", "coordinates": [[[19.864598010866303, 45.223122654659186], [19.86219058663551, 45.21857454004897], [19.866796297874465, 45.214952709486234], [19.873809378619786, 45.21587882105233], [19.876217405632392, 45.220426851482955], [19.87161174919338, 45.22404885454175], [19.864598010866303, 45.223122654659186]]]}, "properties": {"pop": 548, "kontur": 705, "osm": 1252, "osm_pop": 972, "osm_norm": 741}}, {"type": "Feature", "geometry": {"type": "Polygon", "coordinates": [[[19.885639887633477, 45.22589996330801], [19.883231145992507, 45.22135236177032], [19.88783620157141, 45.21772975342428], [19.89484994337816, 45.2186545741489], [19.89725928743697, 45.22320209128268], [19.892654287346808, 45.226824872110434], [19.885639887633477, 45.22589996330801]]]}, "properties": {"pop": 886, "kontur": 1140, "osm": 2579, "osm_pop": 2003, "osm_norm": 1527}}, {"type": "Feature", "geometry": {"type": "Polygon", "coordinates": [[[19.87401988815301, 45.22859654036431], [19.87161174919338, 45.22404885454175], [19.876217405632392, 45.220426851482955], [19.883231145992507, 45.22135236177032], [19.885639887633477, 45.22589996330801], [19.88103428630854, 45.22952213885793], [19.87401988815301, 45.22859654036431]]]}, "properties": {"pop": 735, "kontur": 946, "osm": 2371, "osm_pop": 1842, "osm_norm": 1404}}, {"type": "Feature", "geometry": {"type": "Polygon", "coordinates": [[[19.748371327950835, 45.25000942761585], [19.74596994599823, 45.24546047776949], [19.75058164428778, 45.2418447084755], [19.75759467355523, 45.24277771645834], [19.75999666091708, 45.247326583318355], [19.75538501367748, 45.25094252519667], [19.748371327950835, 45.25000942761585]]]}, "properties": {"pop": 1167, "kontur": 1503, "osm": 3996, "osm_pop": 3103, "osm_norm": 2366}}, {"type": "Feature", "geometry": {"type": "Polygon", "coordinates": [[[19.769413057532834, 45.25280743001159], [19.767010354545395, 45.24825899098921], [19.77162140416432, 45.244642442315204], [19.778635105107046, 45.24557416010678], [19.781038413142497, 45.25012251591756], [19.776427415262525, 45.25373923716316], [19.769413057532834, 45.25280743001159]]]}, "properties": {"pop": 2066, "kontur": 2661, "osm": 7272, "osm_pop": 5646, "osm_norm": 4305}}, {"type": "Feature", "geometry": {"type": "Polygon", "coordinates": [[[19.757787111354517, 45.25549104731123], [19.75538501367748, 45.25094252519667], [19.75999666091708, 45.247326583318355], [19.767010354545395, 45.24825899098921], [19.769413057532834, 45.25280743001159], [19.764801461656848, 45.25642354447006], [19.757787111354517, 45.25549104731123]]]}, "properties": {"pop": 2348, "kontur": 3025, "osm": 13253, "osm_pop": 10289, "osm_norm": 7845}}, {"type": "Feature", "geometry": {"type": "Polygon", "coordinates": [[[19.762205774599433, 45.23916134036029], [19.75980389756312, 45.234612128874346], [19.76441445252397, 45.23099531869405], [19.771426833109494, 45.23192754744274], [19.773829315129433, 45.23647667580906], [19.769218811655477, 45.24009365856109], [19.762205774599433, 45.23916134036029]]]}, "properties": {"pop": 815, "kontur": 1050, "osm": 2828, "osm_pop": 2196, "osm_norm": 1674}}, {"type": "Feature", "geometry": {"type": "Polygon", "coordinates": [[[19.75058164428778, 45.2418447084755], [19.748180372497277, 45.23729541398947], [19.752791524653205, 45.233679210471614], [19.75980389756312, 45.234612128874346], [19.762205774599433, 45.23916134036029], [19.75759467355523, 45.24277771645834], [19.75058164428778, 45.2418447084755]]]}, "properties": {"pop": 539, "kontur": 694, "osm": 1593, "osm_pop": 1237, "osm_norm": 943}}, {"type": "Feature", "geometry": {"type": "Polygon", "coordinates": [[[19.77162140416432, 45.244642442315204], [19.769218811655477, 45.24009365856109], [19.773829315129433, 45.23647667580906], [19.780842359386977, 45.237408304258594], [19.783245556780464, 45.24195700478738], [19.778635105107046, 45.24557416010678], [19.77162140416432, 45.244642442315204]]]}, "properties": {"pop": 4887, "kontur": 6294, "osm": 8400, "osm_pop": 6523, "osm_norm": 4973}}, {"type": "Feature", "geometry": {"type": "Polygon", "coordinates": [[[19.75999666091708, 45.247326583318355], [19.75759467355523, 45.24277771645834], [19.762205774599433, 45.23916134036029], [19.769218811655477, 45.24009365856109], [19.77162140416432, 45.244642442315204], [19.767010354545395, 45.24825899098921], [19.75999666091708, 45.247326583318355]]]}, "properties": {"pop": 1888, "kontur": 2432, "osm": 6138, "osm_pop": 4766, "osm_norm": 3634}}, {"type": "Feature", "geometry": {"type": "Polygon", "coordinates": [[[19.797670525243472, 45.26924379700613], [19.795265675054974, 45.26469664276555], [19.799876568515433, 45.26107957638969], [19.806892259559074, 45.262009491710664], [19.80929771449767, 45.2665565624226], [19.80468687371799, 45.27017380135699], [19.797670525243472, 45.26924379700613]]]}, "properties": {"pop": 2111, "kontur": 2720, "osm": 6862, "osm_pop": 5326, "osm_norm": 4062}}, {"type": "Feature", "geometry": {"type": "Polygon", "coordinates": [[[19.818720239068117, 45.27203251842909], [19.81631406838776, 45.26748587650613], [19.820924309720443, 45.263868030961156], [19.827940668438544, 45.26479665480872], [19.83034744350619, 45.26934321297819], [19.825737255543974, 45.27296123106838], [19.818720239068117, 45.27203251842909]]]}, "properties": {"pop": 3029, "kontur": 3902, "osm": 617, "osm_pop": 479, "osm_norm": 365}}, {"type": "Feature", "geometry": {"type": "Polygon", "coordinates": [[[19.807092439747898, 45.274720526914294], [19.80468687371799, 45.27017380135699], [19.80929771449767, 45.2665565624226], [19.81631406838776, 45.26748587650613], [19.818720239068117, 45.27203251842909], [19.81410945128343, 45.275649929917655], [19.807092439747898, 45.274720526914294]]]}, "properties": {"pop": 3190, "kontur": 4110, "osm": 5808, "osm_pop": 4508, "osm_norm": 3438}}, {"type": "Feature", "geometry": {"type": "Polygon", "coordinates": [[[19.811502553948007, 45.258391818715445], [19.809097210110846, 45.253844402968156], [19.81370695822125, 45.250226296049455], [19.82072199712681, 45.251155432347446], [19.823127945287727, 45.255702764433124], [19.818518250294773, 45.25932104389717], [19.811502553948007, 45.258391818715445]]]}, "properties": {"pop": 4430, "kontur": 5706, "osm": 23554, "osm_pop": 18286, "osm_norm": 13943}}, {"type": "Feature", "geometry": {"type": "Polygon", "coordinates": [[[19.799876568515433, 45.26107957638969], [19.797471829264992, 45.25653207710012], [19.802082176396038, 45.252914576659045], [19.809097210110846, 45.253844402968156], [19.811502553948007, 45.258391818715445], [19.806892259559074, 45.262009491710664], [19.799876568515433, 45.26107957638969]]]}, "properties": {"pop": 3198, "kontur": 4119, "osm": 17494, "osm_pop": 13581, "osm_norm": 10356}}, {"type": "Feature", "geometry": {"type": "Polygon", "coordinates": [[[19.820924309720443, 45.263868030961156], [19.818518250294773, 45.25932104389717], [19.823127945287727, 45.255702764433124], [19.830143646350265, 45.25663129950703], [19.832550309999913, 45.26117820280388], [19.827940668438544, 45.26479665480872], [19.820924309720443, 45.263868030961156]]]}, "properties": {"pop": 5833, "kontur": 7514, "osm": 21779, "osm_pop": 16908, "osm_norm": 12893}}, {"type": "Feature", "geometry": {"type": "Polygon", "coordinates": [[[19.80929771449767, 45.2665565624226], [19.806892259559074, 45.262009491710664], [19.811502553948007, 45.258391818715445], [19.818518250294773, 45.25932104389717], [19.820924309720443, 45.263868030961156], [19.81631406838776, 45.26748587650613], [19.80929771449767, 45.2665565624226]]]}, "properties": {"pop": 4662, "kontur": 6006, "osm": 31428, "osm_pop": 24396, "osm_norm": 18604}}, {"type": "Feature", "geometry": {"type": "Polygon", "coordinates": [[[19.764995056781068, 45.26913506794746], [19.7625921328674, 45.26458731874688], [19.767204275112572, 45.260971638641216], [19.77421928973106, 45.261903535170745], [19.776622819019654, 45.26645120118705], [19.772010728390196, 45.270067053872914], [19.764995056781068, 45.26913506794746]]]}, "properties": {"pop": 225, "kontur": 290, "osm": 865, "osm_pop": 671, "osm_norm": 512}}, {"type": "Feature", "geometry": {"type": "Polygon", "coordinates": [[[19.78604274287007, 45.271929734530076], [19.783638497694557, 45.26738249688005], [19.788249989901935, 45.26376603727406], [19.795265675054974, 45.26469664276555], [19.797670525243472, 45.26924379700613], [19.79305908534137, 45.27286042917944], [19.78604274287007, 45.271929734530076]]]}, "properties": {"pop": 909, "kontur": 1171, "osm": 0, "osm_pop": 0, "osm_norm": 0}}, {"type": "Feature", "geometry": {"type": "Polygon", "coordinates": [[[19.774414368289943, 45.274614374812955], [19.772010728390196, 45.270067053872914], [19.776622819019654, 45.26645120118705], [19.783638497694557, 45.26738249688005], [19.78604274287007, 45.271929734530076], [19.781430704170322, 45.275545759791896], [19.774414368289943, 45.274614374812955]]]}, "properties": {"pop": 3252, "kontur": 4190, "osm": 5569, "osm_pop": 4322, "osm_norm": 3297}}, {"type": "Feature", "geometry": {"type": "Polygon", "coordinates": [[[19.77883083392969, 45.25828724813637], [19.776427415262525, 45.25373923716316], [19.781038413142497, 45.25012251591756], [19.788052777712224, 45.251053633092646], [19.790456801328226, 45.25560156074855], [19.78584585550106, 45.259218454561434], [19.77883083392969, 45.25828724813637]]]}, "properties": {"pop": 1968, "kontur": 2535, "osm": 3270, "osm_pop": 2538, "osm_norm": 1936}}, {"type": "Feature", "geometry": {"type": "Polygon", "coordinates": [[[19.767204275112572, 45.260971638641216], [19.764801461656848, 45.25642354447006], [19.769413057532834, 45.25280743001159], [19.776427415262525, 45.25373923716316], [19.77883083392969, 45.25828724813637], [19.77421928973106, 45.261903535170745], [19.767204275112572, 45.260971638641216]]]}, "properties": {"pop": 1159, "kontur": 1493, "osm": 4341, "osm_pop": 3370, "osm_norm": 2570}}, {"type": "Feature", "geometry": {"type": "Polygon", "coordinates": [[[19.788249989901935, 45.26376603727406], [19.78584585550106, 45.259218454561434], [19.790456801328226, 45.25560156074855], [19.797471829264992, 45.25653207710012], [19.799876568515433, 45.26107957638969], [19.795265675054974, 45.26469664276555], [19.788249989901935, 45.26376603727406]]]}, "properties": {"pop": 678, "kontur": 873, "osm": 1269, "osm_pop": 985, "osm_norm": 751}}, {"type": "Feature", "geometry": {"type": "Polygon", "coordinates": [[[19.776622819019654, 45.26645120118705], [19.77421928973106, 45.261903535170745], [19.77883083392969, 45.25828724813637], [19.78584585550106, 45.259218454561434], [19.788249989901935, 45.26376603727406], [19.783638497694557, 45.26738249688005], [19.776622819019654, 45.26645120118705]]]}, "properties": {"pop": 21, "kontur": 27, "osm": 22, "osm_pop": 17, "osm_norm": 13}}, {"type": "Feature", "geometry": {"type": "Polygon", "coordinates": [[[19.797074623197535, 45.23110345812282], [19.794670931997352, 45.226554496354005], [19.7992796934251, 45.22293586708797], [19.806292093516326, 45.22386602705966], [19.808696388912907, 45.22841490535064], [19.80408768009723, 45.23203370716253], [19.797074623197535, 45.23110345812282]]]}, "properties": {"pop": 1927, "kontur": 2481, "osm": 2605, "osm_pop": 2023, "osm_norm": 1542}}, {"type": "Feature", "geometry": {"type": "Polygon", "coordinates": [[[19.818114461725585, 45.23389291486875], [19.815709451253408, 45.22934446473221], [19.820317561201175, 45.22572505686822], [19.82733062839573, 45.22665392662311], [19.829736242702047, 45.231202293056924], [19.825128186055085, 45.234821873453306], [19.818114461725585, 45.23389291486875]]]}, "properties": {"pop": 1333, "kontur": 1716, "osm": 4709, "osm_pop": 3658, "osm_norm": 2788}}, {"type": "Feature", "geometry": {"type": "Polygon", "coordinates": [[[19.806492086472492, 45.2365822408825], [19.80408768009723, 45.23203370716253], [19.808696388912907, 45.22841490535064], [19.815709451253408, 45.22934446473221], [19.818114461725585, 45.23389291486875], [19.813505805835746, 45.237511889221906], [19.806492086472492, 45.2365822408825]]]}, "properties": {"pop": 5864, "kontur": 7551, "osm": 10966, "osm_pop": 8516, "osm_norm": 6492}}, {"type": "Feature", "geometry": {"type": "Polygon", "coordinates": [[[19.810900256451102, 45.22024679173272], [19.808496072043305, 45.21569756899047], [19.813103689209232, 45.21207790028618], [19.820115437810152, 45.21300728180607], [19.822520225988594, 45.21755642093732], [19.81791266187082, 45.22117626217445], [19.810900256451102, 45.22024679173272]]]}, "properties": {"pop": 726, "kontur": 935, "osm": 2131, "osm_pop": 1656, "osm_norm": 1261}}, {"type": "Feature", "geometry": {"type": "Polygon", "coordinates": [[[19.7992796934251, 45.22293586708797], [19.796876113050576, 45.218386560854064], [19.801484328658674, 45.214767498068795], [19.808496072043305, 45.21569756899047], [19.810900256451102, 45.22024679173272], [19.806292093516326, 45.22386602705966], [19.7992796934251, 45.22293586708797]]]}, "properties": {"pop": 168, "kontur": 216, "osm": 194, "osm_pop": 151, "osm_norm": 115}}, {"type": "Feature", "geometry": {"type": "Polygon", "coordinates": [[[19.820317561201175, 45.22572505686822], [19.81791266187082, 45.22117626217445], [19.822520225988594, 45.21755642093732], [19.82953263615029, 45.21848520188057], [19.831938139151678, 45.22303391285784], [19.82733062839573, 45.22665392662311], [19.820317561201175, 45.22572505686822]]]}, "properties": {"pop": 260, "kontur": 335, "osm": 501, "osm_pop": 389, "osm_norm": 297}}, {"type": "Feature", "geometry": {"type": "Polygon", "coordinates": [[[19.808696388912907, 45.22841490535064], [19.806292093516326, 45.22386602705966], [19.810900256451102, 45.22024679173272], [19.81791266187082, 45.22117626217445], [19.820317561201175, 45.22572505686822], [19.815709451253408, 45.22934446473221], [19.808696388912907, 45.22841490535064]]]}, "properties": {"pop": 154, "kontur": 198, "osm": 0, "osm_pop": 0, "osm_norm": 0}}, {"type": "Feature", "geometry": {"type": "Polygon", "coordinates": [[[19.76441445252397, 45.23099531869405], [19.76201268582356, 45.22644576270179], [19.76662269481309, 45.22282851857677], [19.77363441902977, 45.22376065789125], [19.77603679055049, 45.22831013075018], [19.771426833109494, 45.23192754744274], [19.76441445252397, 45.23099531869405]]]}, "properties": {"pop": 506, "kontur": 652, "osm": 1601, "osm_pop": 1244, "osm_norm": 948}}, {"type": "Feature", "geometry": {"type": "Polygon", "coordinates": [[[19.785452264965965, 45.233790715002826], [19.78304917822469, 45.22924166987551], [19.78765853782128, 45.22562364682102], [19.794670931997352, 45.226554496354005], [19.797074623197535, 45.23110345812282], [19.792465315838054, 45.234721653731896], [19.785452264965965, 45.233790715002826]]]}, "properties": {"pop": 4727, "kontur": 6087, "osm": 6744, "osm_pop": 5238, "osm_norm": 3992}}, {"type": "Feature", "geometry": {"type": "Polygon", "coordinates": [[[19.773829315129433, 45.23647667580906], [19.771426833109494, 45.23192754744274], [19.77603679055049, 45.22831013075018], [19.78304917822469, 45.22924166987551], [19.785452264965965, 45.233790715002826], [19.780842359386977, 45.237408304258594], [19.773829315129433, 45.23647667580906]]]}, "properties": {"pop": 3187, "kontur": 4104, "osm": 6221, "osm_pop": 4831, "osm_norm": 3683}}, {"type": "Feature", "geometry": {"type": "Polygon", "coordinates": [[[19.778243830549854, 45.220142807395725], [19.775841569538596, 45.215592990163934], [19.78045043524978, 45.211974706003154], [19.78746151006254, 45.212906066534025], [19.78986437546869, 45.21745580049923], [19.785255561742453, 45.2210742572149], [19.778243830549854, 45.220142807395725]]]}, "properties": {"pop": 14, "kontur": 18, "osm": 3, "osm_pop": 2, "osm_norm": 2}}, {"type": "Feature", "geometry": {"type": "Polygon", "coordinates": [[[19.76662269481309, 45.22282851857677], [19.764221038458874, 45.21827861819787], [19.768830501589047, 45.214660940265794], [19.775841569538596, 45.215592990163934], [19.778243830549854, 45.220142807395725], [19.77363441902977, 45.22376065789125], [19.76662269481309, 45.22282851857677]]]}, "properties": {"pop": 21, "kontur": 27, "osm": 0, "osm_pop": 0, "osm_norm": 0}}, {"type": "Feature", "geometry": {"type": "Polygon", "coordinates": [[[19.78765853782128, 45.22562364682102], [19.785255561742453, 45.2210742572149], [19.78986437546869, 45.21745580049923], [19.796876113050576, 45.218386560854064], [19.7992796934251, 45.22293586708797], [19.794670931997352, 45.226554496354005], [19.78765853782128, 45.22562364682102]]]}, "properties": {"pop": 355, "kontur": 457, "osm": 476, "osm_pop": 370, "osm_norm": 282}}, {"type": "Feature", "geometry": {"type": "Polygon", "coordinates": [[[19.77603679055049, 45.22831013075018], [19.77363441902977, 45.22376065789125], [19.778243830549854, 45.220142807395725], [19.785255561742453, 45.2210742572149], [19.78765853782128, 45.22562364682102], [19.78304917822469, 45.22924166987551], [19.77603679055049, 45.22831013075018]]]}, "properties": {"pop": 647, "kontur": 833, "osm": 780, "osm_pop": 606, "osm_norm": 462}}, {"type": "Feature", "geometry": {"type": "Polygon", "coordinates": [[[19.81370695822125, 45.250226296049455], [19.811301725495653, 45.24567853538627], [19.815910927439678, 45.24205999468157], [19.82292530900617, 45.24298904211382], [19.825331145892253, 45.247536719101745], [19.82072199712681, 45.251155432347446], [19.81370695822125, 45.250226296049455]]]}, "properties": {"pop": 6796, "kontur": 8752, "osm": 15281, "osm_pop": 11866, "osm_norm": 9046}}, {"type": "Feature", "geometry": {"type": "Polygon", "coordinates": [[[19.83475274162303, 45.25301241372491], [19.832346189401424, 45.248465165420065], [19.836954738497806, 45.244845845998164], [19.84396978602346, 45.245773602368445], [19.846376942042568, 45.250320766773264], [19.84176844681405, 45.253940258722594], [19.83475274162303, 45.25301241372491]]]}, "properties": {"pop": 5302, "kontur": 6828, "osm": 29240, "osm_pop": 22704, "osm_norm": 17309}}, {"type": "Feature", "geometry": {"type": "Polygon", "coordinates": [[[19.823127945287727, 45.255702764433124], [19.82072199712681, 45.251155432347446], [19.825331145892253, 45.247536719101745], [19.832346189401424, 45.248465165420065], [19.83475274162303, 45.25301241372491], [19.830143646350265, 45.25663129950703], [19.823127945287727, 45.255702764433124]]]}, "properties": {"pop": 5687, "kontur": 7325, "osm": 14585, "osm_pop": 11324, "osm_norm": 8634}}, {"type": "Feature", "geometry": {"type": "Polygon", "coordinates": [[[19.827533911656296, 45.239369895223966], [19.825128186055085, 45.234821873453306], [19.829736242702047, 45.231202293056924], [19.836749971410935, 45.23213056191817], [19.83915630074648, 45.23667849988061], [19.834548297714257, 45.240298252804756], [19.827533911656296, 45.239369895223966]]]}, "properties": {"pop": 4292, "kontur": 5527, "osm": 16014, "osm_pop": 12437, "osm_norm": 9480}}, {"type": "Feature", "geometry": {"type": "Polygon", "coordinates": [[[19.815910927439678, 45.24205999468157], [19.813505805835746, 45.237511889221906], [19.818114461725585, 45.23389291486875], [19.825128186055085, 45.234821873453306], [19.827533911656296, 45.239369895223966], [19.82292530900617, 45.24298904211382], [19.815910927439678, 45.24205999468157]]]}, "properties": {"pop": 5525, "kontur": 7115, "osm": 19912, "osm_pop": 15464, "osm_norm": 11787}}, {"type": "Feature", "geometry": {"type": "Polygon", "coordinates": [[[19.836954738497806, 45.244845845998164], [19.834548297714257, 45.240298252804756], [19.83915630074648, 45.23667849988061], [19.846170690708984, 45.23760616764155], [19.848577735126902, 45.24215367692124], [19.84396978602346, 45.245773602368445], [19.836954738497806, 45.244845845998164]]]}, "properties": {"pop": 4438, "kontur": 5715, "osm": 19307, "osm_pop": 14993, "osm_norm": 11429}}, {"type": "Feature", "geometry": {"type": "Polygon", "coordinates": [[[19.825331145892253, 45.247536719101745], [19.82292530900617, 45.24298904211382], [19.827533911656296, 45.239369895223966], [19.834548297714257, 45.240298252804756], [19.836954738497806, 45.244845845998164], [19.832346189401424, 45.248465165420065], [19.825331145892253, 45.247536719101745]]]}, "properties": {"pop": 5325, "kontur": 6858, "osm": 31093, "osm_pop": 24145, "osm_norm": 18406}}, {"type": "Feature", "geometry": {"type": "Polygon", "coordinates": [[[19.781038413142497, 45.25012251591756], [19.778635105107046, 45.24557416010678], [19.783245556780464, 45.24195700478738], [19.790259264450434, 45.242888032730484], [19.79266317727138, 45.24743630521023], [19.788052777712224, 45.251053633092646], [19.781038413142497, 45.25012251591756]]]}, "properties": {"pop": 2983, "kontur": 3842, "osm": 13530, "osm_pop": 10506, "osm_norm": 8009}}, {"type": "Feature", "geometry": {"type": "Polygon", "coordinates": [[[19.802082176396038, 45.252914576659045], [19.79967754809384, 45.24836673243985], [19.804287349007613, 45.244748798071], [19.811301725495653, 45.24567853538627], [19.81370695822125, 45.250226296049455], [19.809097210110846, 45.253844402968156], [19.802082176396038, 45.252914576659045]]]}, "properties": {"pop": 5941, "kontur": 7652, "osm": 13095, "osm_pop": 10167, "osm_norm": 7752}}, {"type": "Feature", "geometry": {"type": "Polygon", "coordinates": [[[19.790456801328226, 45.25560156074855], [19.788052777712224, 45.251053633092646], [19.79266317727138, 45.24743630521023], [19.79967754809384, 45.24836673243985], [19.802082176396038, 45.252914576659045], [19.797471829264992, 45.25653207710012], [19.790456801328226, 45.25560156074855]]]}, "properties": {"pop": 4299, "kontur": 5537, "osm": 17252, "osm_pop": 13394, "osm_norm": 10213}}, {"type": "Feature", "geometry": {"type": "Polygon", "coordinates": [[[19.794869117853697, 45.23927027091595], [19.792465315838054, 45.234721653731896], [19.797074623197535, 45.23110345812282], [19.80408768009723, 45.23203370716253], [19.806492086472492, 45.2365822408825], [19.801882831663807, 45.24020060904166], [19.794869117853697, 45.23927027091595]]]}, "properties": {"pop": 6458, "kontur": 8316, "osm": 13917, "osm_pop": 10808, "osm_norm": 8238}}, {"type": "Feature", "geometry": {"type": "Polygon", "coordinates": [[[19.783245556780464, 45.24195700478738], [19.780842359386977, 45.237408304258594], [19.785452264965965, 45.233790715002826], [19.792465315838054, 45.234721653731896], [19.794869117853697, 45.23927027091595], [19.790259264450434, 45.242888032730484], [19.783245556780464, 45.24195700478738]]]}, "properties": {"pop": 5833, "kontur": 7512, "osm": 11856, "osm_pop": 9207, "osm_norm": 7018}}, {"type": "Feature", "geometry": {"type": "Polygon", "coordinates": [[[19.804287349007613, 45.244748798071], [19.801882831663807, 45.24020060904166], [19.806492086472492, 45.2365822408825], [19.813505805835746, 45.237511889221906], [19.815910927439678, 45.24205999468157], [19.811301725495653, 45.24567853538627], [19.804287349007613, 45.244748798071]]]}, "properties": {"pop": 6927, "kontur": 8921, "osm": 17076, "osm_pop": 13260, "osm_norm": 10108}}, {"type": "Feature", "geometry": {"type": "Polygon", "coordinates": [[[19.79266317727138, 45.24743630521023], [19.790259264450434, 45.242888032730484], [19.794869117853697, 45.23927027091595], [19.801882831663807, 45.24020060904166], [19.804287349007613, 45.244748798071], [19.79967754809384, 45.24836673243985], [19.79266317727138, 45.24743630521023]]]}, "properties": {"pop": 5749, "kontur": 7404, "osm": 13008, "osm_pop": 10101, "osm_norm": 7700}}, {"type": "Feature", "geometry": {"type": "Polygon", "coordinates": [[[19.82851555492816, 45.1548739026206], [19.826112258793493, 45.15032192858811], [19.830715513838957, 45.14669879783359], [19.83772201155862, 45.14762746862582], [19.8401259101612, 45.15217935893601], [19.835522708651403, 45.15580266219093], [19.82851555492816, 45.1548739026206]]]}, "properties": {"pop": 17, "kontur": 22, "osm": 0, "osm_pop": 0, "osm_norm": 0}}, {"type": "Feature", "geometry": {"type": "Polygon", "coordinates": [[[19.837926718485914, 45.160354209024646], [19.835522708651403, 45.15580266219093], [19.8401259101612, 45.15217935893601], [19.84713306773197, 45.15310743003413], [19.84953767993468, 45.15765889304013], [19.84493453227369, 45.161282368790395], [19.837926718485914, 45.160354209024646]]]}, "properties": {"pop": 5, "kontur": 6, "osm": 0, "osm_pop": 0, "osm_norm": 0}}, {"type": "Feature", "geometry": {"type": "Polygon", "coordinates": [[[19.805293063440562, 45.16025910997599], [19.802890973028095, 45.15570696885722], [19.807495423821162, 45.152085047817316], [19.814501912313983, 45.15301509539285], [19.81690460571858, 45.157567153028204], [19.812300207713403, 45.161189246586176], [19.805293063440562, 45.16025910997599]]]}, "properties": {"pop": 6, "kontur": 8, "osm": 0, "osm_pop": 0, "osm_norm": 0}}, {"type": "Feature", "geometry": {"type": "Polygon", "coordinates": [[[19.926417220243508, 45.155111175994776], [19.92400817378346, 45.150560990212334], [19.928607665572528, 45.14693371662958], [19.93561614717938, 45.147856456415155], [19.938025794229638, 45.15240655744425], [19.93342635915835, 45.15603400345574], [19.926417220243508, 45.155111175994776]]]}, "properties": {"pop": 38, "kontur": 49, "osm": 0, "osm_pop": 0, "osm_norm": 0}}, {"type": "Feature", "geometry": {"type": "Polygon", "coordinates": [[[19.947445292264558, 45.15787836880079], [19.945034932060203, 45.1533286963417], [19.949633765346917, 45.149700646648725], [19.95664290150847, 45.15062209701613], [19.95905386193831, 45.15517168449792], [19.954455086056683, 45.15879990660424], [19.947445292264558, 45.15787836880079]]]}, "properties": {"pop": 253, "kontur": 325, "osm": 0, "osm_pop": 0, "osm_norm": 0}}, {"type": "Feature", "geometry": {"type": "Polygon", "coordinates": [[[19.9358361188736, 45.160583760773214], [19.93342635915835, 45.15603400345574], [19.938025794229638, 45.15240655744425], [19.945034932060203, 45.1533286963417], [19.947445292264558, 45.15787836880079], [19.94284591422479, 45.161505987235486], [19.9358361188736, 45.160583760773214]]]}, "properties": {"pop": 98, "kontur": 126, "osm": 0, "osm_pop": 0, "osm_norm": 0}}, {"type": "Feature", "geometry": {"type": "Polygon", "coordinates": [[[19.97571200052817, 45.17428762195042], [19.973299500552738, 45.169739236469304], [19.977898160682358, 45.16611066955328], [19.984909262515878, 45.16703031573677], [19.98732236241198, 45.17157861592594], [19.98272376062957, 45.175207355238186], [19.97571200052817, 45.17428762195042]]]}, "properties": {"pop": 153, "kontur": 197, "osm": 0, "osm_pop": 0, "osm_norm": 0}}, {"type": "Feature", "geometry": {"type": "Polygon", "coordinates": [[[19.99674793209736, 45.1770455309731], [19.994334118943634, 45.172497660303875], [19.99893211712619, 45.16886831750275], [20.0059438695031, 45.1697866730052], [20.00835828221121, 45.17433445815885], [20.003760343063814, 45.17796397334021], [19.99674793209736, 45.1770455309731]]]}, "properties": {"pop": 14, "kontur": 18, "osm": 0, "osm_pop": 0, "osm_norm": 0}}, {"type": "Feature", "geometry": {"type": "Polygon", "coordinates": [[[19.98513697396457, 45.179755311304206], [19.98272376062957, 45.175207355238186], [19.98732236241198, 45.17157861592594], [19.994334118943634, 45.172497660303875], [19.99674793209736, 45.1770455309731], [19.992149388976472, 45.180674442675766], [19.98513697396457, 45.179755311304206]]]}, "properties": {"pop": 85, "kontur": 109, "osm": 0, "osm_pop": 0, "osm_norm": 0}}, {"type": "Feature", "geometry": {"type": "Polygon", "coordinates": [[[19.989507319419257, 45.163401145321814], [19.987094332971367, 45.15885250112986], [19.991691845107816, 45.15522289975078], [19.998702284987804, 45.15614177019635], [20.001115870930008, 45.160690328963476], [19.99651841757362, 45.16432010272444], [19.989507319419257, 45.163401145321814]]]}, "properties": {"pop": 169, "kontur": 217, "osm": 0, "osm_pop": 0, "osm_norm": 0}}, {"type": "Feature", "geometry": {"type": "Polygon", "coordinates": [[[19.977898160682358, 45.16611066955328], [19.975485773992883, 45.16156194005535], [19.980083889302847, 45.15793294203237], [19.987094332971367, 45.15885250112986], [19.989507319419257, 45.163401145321814], [19.984909262515878, 45.16703031573677], [19.977898160682358, 45.16611066955328]]]}, "properties": {"pop": 508, "kontur": 653, "osm": 0, "osm_pop": 0, "osm_norm": 0}}, {"type": "Feature", "geometry": {"type": "Polygon", "coordinates": [[[19.99893211712619, 45.16886831750275], [19.99651841757362, 45.16432010272444], [20.001115870930008, 45.160690328963476], [20.008126964820377, 45.16160859761952], [20.010541263765145, 45.16615672686832], [20.0059438695031, 45.1697866730052], [19.99893211712619, 45.16886831750275]]]}, "properties": {"pop": 95, "kontur": 122, "osm": 0, "osm_pop": 0, "osm_norm": 0}}, {"type": "Feature", "geometry": {"type": "Polygon", "coordinates": [[[19.98732236241198, 45.17157861592594], [19.984909262515878, 45.16703031573677], [19.989507319419257, 45.163401145321814], [19.99651841757362, 45.16432010272444], [19.99893211712619, 45.16886831750275], [19.994334118943634, 45.172497660303875], [19.98732236241198, 45.17157861592594]]]}, "properties": {"pop": 239, "kontur": 307, "osm": 0, "osm_pop": 0, "osm_norm": 0}}, {"type": "Feature", "geometry": {"type": "Polygon", "coordinates": [[[19.943067050172637, 45.17423148761694], [19.940656464342073, 45.1696825029143], [19.945256387246953, 45.16605531587652], [19.952266838772285, 45.16697694113421], [19.954678025152976, 45.17152584088753], [19.9500781595338, 45.17515320034709], [19.943067050172637, 45.17423148761694]]]}, "properties": {"pop": 58, "kontur": 75, "osm": 0, "osm_pop": 0, "osm_norm": 0}}, {"type": "Feature", "geometry": {"type": "Polygon", "coordinates": [[[19.964101032380697, 45.17699533538928], [19.961689132589996, 45.17244686473495], [19.966288395624947, 45.16881890147079], [19.973299500552738, 45.169739236469304], [19.97571200052817, 45.17428762195042], [19.97111279546675, 45.17791575762084], [19.964101032380697, 45.17699533538928]]]}, "properties": {"pop": 67, "kontur": 86, "osm": 0, "osm_pop": 0, "osm_norm": 0}}, {"type": "Feature", "geometry": {"type": "Polygon", "coordinates": [[[19.95248945887581, 45.179701756055664], [19.9500781595338, 45.17515320034709], [19.954678025152976, 45.17152584088753], [19.961689132589996, 45.17244686473495], [19.964101032380697, 45.17699533538928], [19.95950122436132, 45.180622867265], [19.95248945887581, 45.179701756055664]]]}, "properties": {"pop": 141, "kontur": 181, "osm": 0, "osm_pop": 0, "osm_norm": 0}}, {"type": "Feature", "geometry": {"type": "Polygon", "coordinates": [[[19.95686615946664, 45.163349150281995], [19.954455086056683, 45.15879990660424], [19.95905386193831, 45.15517168449792], [19.966063653586556, 45.15609253367622], [19.968475327120583, 45.160641692271696], [19.96387660895792, 45.16427008678574], [19.95686615946664, 45.163349150281995]]]}, "properties": {"pop": 299, "kontur": 384, "osm": 0, "osm_pop": 0, "osm_norm": 0}}, {"type": "Feature", "geometry": {"type": "Polygon", "coordinates": [[[19.966288395624947, 45.16881890147079], [19.96387660895792, 45.16427008678574], [19.968475327120583, 45.160641692271696], [19.975485773992883, 45.16156194005535], [19.977898160682358, 45.16611066955328], [19.973299500552738, 45.169739236469304], [19.966288395624947, 45.16881890147079]]]}, "properties": {"pop": 173, "kontur": 222, "osm": 0, "osm_pop": 0, "osm_norm": 0}}, {"type": "Feature", "geometry": {"type": "Polygon", "coordinates": [[[19.954678025152976, 45.17152584088753], [19.952266838772285, 45.16697694113421], [19.95686615946664, 45.163349150281995], [19.96387660895792, 45.16427008678574], [19.966288395624947, 45.16881890147079], [19.961689132589996, 45.17244686473495], [19.954678025152976, 45.17152584088753]]]}, "properties": {"pop": 83, "kontur": 107, "osm": 0, "osm_pop": 0, "osm_norm": 0}}, {"type": "Feature", "geometry": {"type": "Polygon", "coordinates": [[[19.991691845107816, 45.15522289975078], [19.98927897211735, 45.15067391167647], [19.993875939599004, 45.147043879471966], [20.00088572130755, 45.14796266297881], [20.003299193630177, 45.15251156561427], [19.998702284987804, 45.15614177019635], [19.991691845107816, 45.15522289975078]]]}, "properties": {"pop": 50, "kontur": 64, "osm": 0, "osm_pop": 0, "osm_norm": 0}}, {"type": "Feature", "geometry": {"type": "Polygon", "coordinates": [[[19.95905386193831, 45.15517168449792], [19.95664290150847, 45.15062209701613], [19.96124113268944, 45.14699344379438], [19.968250266597344, 45.147914205665465], [19.970661826989016, 45.152463708050945], [19.966063653586556, 45.15609253367622], [19.95905386193831, 45.15517168449792]]]}, "properties": {"pop": 194, "kontur": 249, "osm": 0, "osm_pop": 0, "osm_norm": 0}}, {"type": "Feature", "geometry": {"type": "Polygon", "coordinates": [[[19.980083889302847, 45.15793294203237], [19.977671615908616, 45.15338386863802], [19.982269186511, 45.14975443964663], [19.98927897211735, 45.15067391167647], [19.991691845107816, 45.15522289975078], [19.987094332971367, 45.15885250112986], [19.980083889302847, 45.15793294203237]]]}, "properties": {"pop": 140, "kontur": 180, "osm": 0, "osm_pop": 0, "osm_norm": 0}}, {"type": "Feature", "geometry": {"type": "Polygon", "coordinates": [[[19.968475327120583, 45.160641692271696], [19.966063653586556, 45.15609253367622], [19.970661826989016, 45.152463708050945], [19.977671615908616, 45.15338386863802], [19.980083889302847, 45.15793294203237], [19.975485773992883, 45.16156194005535], [19.968475327120583, 45.160641692271696]]]}, "properties": {"pop": 296, "kontur": 381, "osm": 0, "osm_pop": 0, "osm_norm": 0}}, {"type": "Feature", "geometry": {"type": "Polygon", "coordinates": [[[19.858950822952142, 45.163137399727376], [19.856545497096388, 45.15858636423732], [19.861148045651653, 45.15496228387455], [19.86815586560213, 45.155889066535345], [19.87056179346371, 45.16044001797304], [19.865959299444313, 45.164064270816986], [19.858950822952142, 45.163137399727376]]]}, "properties": {"pop": 20, "kontur": 26, "osm": 0, "osm_pop": 0, "osm_norm": 0}}, {"type": "Feature", "geometry": {"type": "Polygon", "coordinates": [[[19.894422542729057, 45.19321446128943], [19.892014249586044, 45.188665482093974], [19.896617123302402, 45.18504114394327], [19.90362823450733, 45.185965612538205], [19.906037129417168, 45.19051450727436], [19.901434311430783, 45.1941390178896], [19.894422542729057, 45.19321446128943]]]}, "properties": {"pop": 955, "kontur": 1229, "osm": 0, "osm_pop": 0, "osm_norm": 0}}, {"type": "Feature", "geometry": {"type": "Polygon", "coordinates": [[[19.91545850752441, 45.19598684068105], [19.913048898646764, 45.191438374730005], [19.917651115283466, 45.18781325955819], [19.924662884455284, 45.188736437902335], [19.927073094735384, 45.19328481916987], [19.9224709345168, 45.19691010679141], [19.91545850752441, 45.19598684068105]]]}, "properties": {"pop": 87, "kontur": 112, "osm": 0, "osm_pop": 0, "osm_norm": 0}}, {"type": "Feature", "geometry": {"type": "Polygon", "coordinates": [[[19.90384331864238, 45.198687568405106], [19.901434311430783, 45.1941390178896], [19.906037129417168, 45.19051450727436], [19.913048898646764, 45.191438374730005], [19.91545850752441, 45.19598684068105], [19.91085574558197, 45.19961152375556], [19.90384331864238, 45.198687568405106]]]}, "properties": {"pop": 68, "kontur": 87, "osm": 0, "osm_pop": 0, "osm_norm": 0}}, {"type": "Feature", "geometry": {"type": "Polygon", "coordinates": [[[19.908230507248092, 45.18234066982146], [19.905821724649627, 45.177791430984755], [19.910423452256865, 45.17416605630475], [19.917433906373915, 45.17508974802523], [19.91984329031323, 45.17963890226958], [19.91524161887019, 45.18326444940044], [19.908230507248092, 45.18234066982146]]]}, "properties": {"pop": 8, "kontur": 10, "osm": 0, "osm_pop": 0, "osm_norm": 0}}, {"type": "Feature", "geometry": {"type": "Polygon", "coordinates": [[[19.896617123302402, 45.18504114394327], [19.894208942308175, 45.18049182063336], [19.898811270839136, 45.17686705037693], [19.905821724649627, 45.177791430984755], [19.908230507248092, 45.18234066982146], [19.90362823450733, 45.185965612538205], [19.896617123302402, 45.18504114394327]]]}, "properties": {"pop": 181, "kontur": 233, "osm": 0, "osm_pop": 0, "osm_norm": 0}}, {"type": "Feature", "geometry": {"type": "Polygon", "coordinates": [[[19.917651115283466, 45.18781325955819], [19.91524161887019, 45.18326444940044], [19.91984329031323, 45.17963890226958], [19.926854401767034, 45.18056199286568], [19.929264499420213, 45.18511071832605], [19.924662884455284, 45.188736437902335], [19.917651115283466, 45.18781325955819]]]}, "properties": {"pop": 40, "kontur": 51, "osm": 0, "osm_pop": 0, "osm_norm": 0}}, {"type": "Feature", "geometry": {"type": "Polygon", "coordinates": [[[19.906037129417168, 45.19051450727436], [19.90362823450733, 45.185965612538205], [19.908230507248092, 45.18234066982146], [19.91524161887019, 45.18326444940044], [19.917651115283466, 45.18781325955819], [19.913048898646764, 45.191438374730005], [19.906037129417168, 45.19051450727436]]]}, "properties": {"pop": 38, "kontur": 49, "osm": 0, "osm_pop": 0, "osm_norm": 0}}, {"type": "Feature", "geometry": {"type": "Polygon", "coordinates": [[[19.86177337526037, 45.193134803881804], [19.859367000657862, 45.18858522786696], [19.863971130025995, 45.18496227179231], [19.870981579404283, 45.18588871925879], [19.873388556400425, 45.19043821115783], [19.868784481700065, 45.19406133972089], [19.86177337526037, 45.193134803881804]]]}, "properties": {"pop": 33, "kontur": 42, "osm": 0, "osm_pop": 0, "osm_norm": 0}}, {"type": "Feature", "geometry": {"type": "Polygon", "coordinates": [[[19.882807356127113, 45.195913121418705], [19.880399665014235, 45.19136405788297], [19.88500313938386, 45.18774032445027], [19.892014249586044, 45.188665482093974], [19.894422542729057, 45.19321446128943], [19.889819123715238, 45.196838367196115], [19.882807356127113, 45.195913121418705]]]}, "properties": {"pop": 1048, "kontur": 1348, "osm": 0, "osm_pop": 0, "osm_norm": 0}}, {"type": "Feature", "geometry": {"type": "Polygon", "coordinates": [[[19.87119157051961, 45.19861048747765], [19.868784481700065, 45.19406133972089], [19.873388556400425, 45.19043821115783], [19.880399665014235, 45.19136405788297], [19.882807356127113, 45.195913121418705], [19.878203336408298, 45.199536422464995], [19.87119157051961, 45.19861048747765]]]}, "properties": {"pop": 35, "kontur": 45, "osm": 0, "osm_pop": 0, "osm_norm": 0}}, {"type": "Feature", "geometry": {"type": "Polygon", "coordinates": [[[19.875585108815887, 45.18226515830518], [19.873178243652934, 45.17771532238401], [19.877781227887798, 45.17409132917805], [19.88479102225869, 45.175016999433026], [19.88719848938957, 45.17956675110532], [19.882595560257094, 45.18319091678622], [19.875585108815887, 45.18226515830518]]]}, "properties": {"pop": 11, "kontur": 14, "osm": 0, "osm_pop": 0, "osm_norm": 0}}, {"type": "Feature", "geometry": {"type": "Polygon", "coordinates": [[[19.863971130025995, 45.18496227179231], [19.86156486709397, 45.18041235174143], [19.8661684512339, 45.17678896327201], [19.873178243652934, 45.17771532238401], [19.875585108815887, 45.18226515830518], [19.870981579404283, 45.18588871925879], [19.863971130025995, 45.18496227179231]]]}, "properties": {"pop": 18, "kontur": 23, "osm": 0, "osm_pop": 0, "osm_norm": 0}}, {"type": "Feature", "geometry": {"type": "Polygon", "coordinates": [[[19.88500313938386, 45.18774032445027], [19.882595560257094, 45.18319091678622], [19.88719848938957, 45.17956675110532], [19.894208942308175, 45.18049182063336], [19.896617123302402, 45.18504114394327], [19.892014249586044, 45.188665482093974], [19.88500313938386, 45.18774032445027]]]}, "properties": {"pop": 227, "kontur": 292, "osm": 0, "osm_pop": 0, "osm_norm": 0}}, {"type": "Feature", "geometry": {"type": "Polygon", "coordinates": [[[19.873388556400425, 45.19043821115783], [19.870981579404283, 45.18588871925879], [19.875585108815887, 45.18226515830518], [19.882595560257094, 45.18319091678622], [19.88500313938386, 45.18774032445027], [19.880399665014235, 45.19136405788297], [19.873388556400425, 45.19043821115783]]]}, "properties": {"pop": 159, "kontur": 205, "osm": 0, "osm_pop": 0, "osm_norm": 0}}, {"type": "Feature", "geometry": {"type": "Polygon", "coordinates": [[[19.914808044294656, 45.15781450211445], [19.91239959868813, 45.153264231697705], [19.916999691566893, 45.14963756195852], [19.92400817378346, 45.150560990212334], [19.926417220243508, 45.155111175994776], [19.92181718370896, 45.15873801817236], [19.914808044294656, 45.15781450211445]]]}, "properties": {"pop": 47, "kontur": 60, "osm": 0, "osm_pop": 0, "osm_norm": 0}}, {"type": "Feature", "geometry": {"type": "Polygon", "coordinates": [[[19.90319826728956, 45.16051653561777], [19.900790422799766, 45.15596618068585], [19.90539111644662, 45.15234011494248], [19.91239959868813, 45.153264231697705], [19.914808044294656, 45.15781450211445], [19.910207406618397, 45.161440740305764], [19.90319826728956, 45.16051653561777]]]}, "properties": {"pop": 7, "kontur": 9, "osm": 0, "osm_pop": 0, "osm_norm": 0}}, {"type": "Feature", "geometry": {"type": "Polygon", "coordinates": [[[19.861148045651653, 45.15496228387455], [19.858742831343093, 45.15041090481563], [19.863344835066474, 45.14678639246915], [19.870351998577355, 45.14771308671913], [19.872757814729166, 45.15226438171168], [19.86815586560213, 45.155889066535345], [19.861148045651653, 45.15496228387455]]]}, "properties": {"pop": 1, "kontur": 1, "osm": 0, "osm_pop": 0, "osm_norm": 0}}, {"type": "Feature", "geometry": {"type": "Polygon", "coordinates": [[[19.882172166488154, 45.15774134313453], [19.87976563688346, 45.15319047586844], [19.88436698625995, 45.14956518673566], [19.89137481003314, 45.1504905924209], [19.89378194111811, 45.15504137539612], [19.889180647025007, 45.1586668369916], [19.882172166488154, 45.15774134313453]]]}, "properties": {"pop": 1, "kontur": 1, "osm": 0, "osm_pop": 0, "osm_norm": 0}}, {"type": "Feature", "geometry": {"type": "Polygon", "coordinates": [[[19.87056179346371, 45.16044001797304], [19.86815586560213, 45.155889066535345], [19.872757814729166, 45.15226438171168], [19.87976563688346, 45.15319047586844], [19.882172166488154, 45.15774134313453], [19.877570272270784, 45.16136620043015], [19.87056179346371, 45.16044001797304]]]}, "properties": {"pop": 1, "kontur": 1, "osm": 0, "osm_pop": 0, "osm_norm": 0}}, {"type": "Feature", "geometry": {"type": "Polygon", "coordinates": [[[19.910423452256865, 45.17416605630475], [19.908014781979436, 45.16961647348769], [19.912615964565173, 45.165990666982836], [19.919625761279622, 45.166914270862954], [19.922035032735426, 45.171463769073696], [19.917433906373915, 45.17508974802523], [19.910423452256865, 45.17416605630475]]]}, "properties": {"pop": 9, "kontur": 12, "osm": 0, "osm_pop": 0, "osm_norm": 0}}, {"type": "Feature", "geometry": {"type": "Polygon", "coordinates": [[[19.931455471590457, 45.17693584147292], [19.929045486573724, 45.17238677193992], [19.93364601136771, 45.168760188869044], [19.940656464342073, 45.1696825029143], [19.943067050172637, 45.17423148761694], [19.938466582290573, 45.177858243119324], [19.931455471590457, 45.17693584147292]]]}, "properties": {"pop": 56, "kontur": 72, "osm": 0, "osm_pop": 0, "osm_norm": 0}}, {"type": "Feature", "geometry": {"type": "Polygon", "coordinates": [[[19.91984329031323, 45.17963890226958], [19.917433906373915, 45.17508974802523], [19.922035032735426, 45.171463769073696], [19.929045486573724, 45.17238677193992], [19.931455471590457, 45.17693584147292], [19.926854401767034, 45.18056199286568], [19.91984329031323, 45.17963890226958]]]}, "properties": {"pop": 26, "kontur": 33, "osm": 0, "osm_pop": 0, "osm_norm": 0}}, {"type": "Feature", "geometry": {"type": "Polygon", "coordinates": [[[19.924226342671638, 45.16328786022914], [19.92181718370896, 45.15873801817236], [19.926417220243508, 45.155111175994776], [19.93342635915835, 45.15603400345574], [19.9358361188736, 45.160583760773214], [19.931236138996976, 45.16421077538369], [19.924226342671638, 45.16328786022914]]]}, "properties": {"pop": 2, "kontur": 3, "osm": 0, "osm_pop": 0, "osm_norm": 0}}, {"type": "Feature", "geometry": {"type": "Polygon", "coordinates": [[[19.912615964565173, 45.165990666982836], [19.910207406618397, 45.161440740305764], [19.914808044294656, 45.15781450211445], [19.92181718370896, 45.15873801817236], [19.924226342671638, 45.16328786022914], [19.919625761279622, 45.166914270862954], [19.912615964565173, 45.165990666982836]]]}, "properties": {"pop": 1, "kontur": 1, "osm": 0, "osm_pop": 0, "osm_norm": 0}}, {"type": "Feature", "geometry": {"type": "Polygon", "coordinates": [[[19.93364601136771, 45.168760188869044], [19.931236138996976, 45.16421077538369], [19.9358361188736, 45.160583760773214], [19.94284591422479, 45.161505987235486], [19.945256387246953, 45.16605531587652], [19.940656464342073, 45.1696825029143], [19.93364601136771, 45.168760188869044]]]}, "properties": {"pop": 12, "kontur": 15, "osm": 0, "osm_pop": 0, "osm_norm": 0}}, {"type": "Feature", "geometry": {"type": "Polygon", "coordinates": [[[19.922035032735426, 45.171463769073696], [19.919625761279622, 45.166914270862954], [19.924226342671638, 45.16328786022914], [19.931236138996976, 45.16421077538369], [19.93364601136771, 45.168760188869044], [19.929045486573724, 45.17238677193992], [19.922035032735426, 45.171463769073696]]]}, "properties": {"pop": 111, "kontur": 143, "osm": 0, "osm_pop": 0, "osm_norm": 0}}, {"type": "Feature", "geometry": {"type": "Polygon", "coordinates": [[[19.877781227887798, 45.17409132917805], [19.875374474567845, 45.169541149354934], [19.879976913737995, 45.16591672403498], [19.88698605114074, 45.16684230608192], [19.88939340626605, 45.171392401642194], [19.88479102225869, 45.175016999433026], [19.877781227887798, 45.17409132917805]]]}, "properties": {"pop": 30, "kontur": 39, "osm": 0, "osm_pop": 0, "osm_norm": 0}}, {"type": "Feature", "geometry": {"type": "Polygon", "coordinates": [[[19.898811270839136, 45.17686705037693], [19.896403202003366, 45.172317383072745], [19.901004985460958, 45.168692180848865], [19.908014781979436, 45.16961647348769], [19.910423452256865, 45.17416605630475], [19.905821724649627, 45.177791430984755], [19.898811270839136, 45.17686705037693]]]}, "properties": {"pop": 19, "kontur": 24, "osm": 0, "osm_pop": 0, "osm_norm": 0}}, {"type": "Feature", "geometry": {"type": "Polygon", "coordinates": [[[19.88719848938957, 45.17956675110532], [19.88479102225869, 45.175016999433026], [19.88939340626605, 45.171392401642194], [19.896403202003366, 45.172317383072745], [19.898811270839136, 45.17686705037693], [19.894208942308175, 45.18049182063336], [19.88719848938957, 45.17956675110532]]]}, "properties": {"pop": 16, "kontur": 21, "osm": 0, "osm_pop": 0, "osm_norm": 0}}, {"type": "Feature", "geometry": {"type": "Polygon", "coordinates": [[[19.891587890134996, 45.163217276319585], [19.889180647025007, 45.1586668369916], [19.89378194111811, 45.15504137539612], [19.900790422799766, 45.15596618068585], [19.90319826728956, 45.16051653561777], [19.89859702879334, 45.16414216967064], [19.891587890134996, 45.163217276319585]]]}, "properties": {"pop": 1, "kontur": 1, "osm": 0, "osm_pop": 0, "osm_norm": 0}}, {"type": "Feature", "geometry": {"type": "Polygon", "coordinates": [[[19.879976913737995, 45.16591672403498], [19.877570272270784, 45.16136620043015], [19.882172166488154, 45.15774134313453], [19.889180647025007, 45.1586668369916], [19.891587890134996, 45.163217276319585], [19.88698605114074, 45.16684230608192], [19.879976913737995, 45.16591672403498]]]}, "properties": {"pop": 1, "kontur": 1, "osm": 0, "osm_pop": 0, "osm_norm": 0}}, {"type": "Feature", "geometry": {"type": "Polygon", "coordinates": [[[19.88939340626605, 45.171392401642194], [19.88698605114074, 45.16684230608192], [19.891587890134996, 45.163217276319585], [19.89859702879334, 45.16414216967064], [19.901004985460958, 45.168692180848865], [19.896403202003366, 45.172317383072745], [19.88939340626605, 45.171392401642194]]]}, "properties": {"pop": 18, "kontur": 23, "osm": 0, "osm_pop": 0, "osm_norm": 0}}]}